treatment,tree_id,deploy,metabolite,site_num,tree_num,decomp_day,well_id,time,od_raw,od_corrected_b,od_corrected_b_n,blank,neg,nm
P,HOK,HOK,SEK,2,5,11,1A,30,1.059,0.848048048,0.614814815,1.24875,0.29125,450
AB,HOK,HOK,SEK,2,5,11,1B,30,0.83,0.664664665,0.431431431,1.24875,0.29125,450
P,SEK,HOK,SEK,2,5,11,1C,30,0.877,0.702302302,0.469069069,1.24875,0.29125,450
AB,SEK,HOK,SEK,2,5,11,1D,30,0.708,0.566966967,0.333733734,1.24875,0.29125,450
P,SEK,SEK,SEK,2,5,11,1E,30,1.038,0.831231231,0.597997998,1.24875,0.29125,450
AB,SEK,SEK,SEK,2,5,11,1F,30,0.782,0.626226226,0.392992993,1.24875,0.29125,450
P,HOK,SEK,SEK,2,5,11,1G,30,1.584,1.268468468,1.035235235,1.24875,0.29125,450
AB,HOK,SEK,SEK,2,5,11,1H,30,0.857,0.686286286,0.453053053,1.24875,0.29125,450
P,HOK,HOK,SEK,2,4,11,2A,30,1.097,0.878478479,0.645245245,1.24875,0.29125,450
AB,HOK,HOK,SEK,2,4,11,2B,30,1.02,0.816816817,0.583583584,1.24875,0.29125,450
P,SEK,HOK,SEK,2,4,11,2C,30,1.297,1.038638639,0.805405405,1.24875,0.29125,450
AB,SEK,HOK,SEK,2,4,11,2D,30,0.829,0.663863864,0.430630631,1.24875,0.29125,450
P,SEK,SEK,SEK,2,4,11,2E,30,0.89,0.712712713,0.47947948,1.24875,0.29125,450
AB,SEK,SEK,SEK,2,4,11,2F,30,0.834,0.667867868,0.434634635,1.24875,0.29125,450
P,HOK,SEK,SEK,2,4,11,2G,30,1.503,1.203603604,0.97037037,1.24875,0.29125,450
AB,HOK,SEK,SEK,2,4,11,2H,30,0.919,0.735935936,0.502702703,1.24875,0.29125,450
P,HOK,HOK,SEK,2,3,11,3A,30,1.838,1.471871872,1.238638639,1.24875,0.29125,450
AB,HOK,HOK,SEK,2,3,11,3B,30,0.954,0.763963964,0.530730731,1.24875,0.29125,450
P,SEK,HOK,SEK,2,3,11,3C,30,1.747,1.398998999,1.165765766,1.24875,0.29125,450
AB,SEK,HOK,SEK,2,3,11,3D,30,1.148,0.919319319,0.686086086,1.24875,0.29125,450
P,SEK,SEK,SEK,2,3,11,3E,30,1.653,1.323723724,1.09049049,1.24875,0.29125,450
AB,SEK,SEK,SEK,2,3,11,3F,30,0.767,0.614214214,0.380980981,1.24875,0.29125,450
P,HOK,SEK,SEK,2,3,11,3G,30,1.513,1.211611612,0.978378378,1.24875,0.29125,450
AB,HOK,SEK,SEK,2,3,11,3H,30,0.914,0.731931932,0.498698699,1.24875,0.29125,450
P,HOK,HOK,SEK,2,2,11,4A,30,1.758,1.407807808,1.174574575,1.24875,0.29125,450
AB,HOK,HOK,SEK,2,2,11,4B,30,1.765,1.413413413,1.18018018,1.24875,0.29125,450
P,SEK,HOK,SEK,2,2,11,4C,30,0.687,0.55015015,0.316916917,1.24875,0.29125,450
AB,SEK,HOK,SEK,2,2,11,4D,30,0.66,0.528528529,0.295295295,1.24875,0.29125,450
P,SEK,SEK,SEK,2,2,11,4E,30,0.905,0.724724725,0.491491492,1.24875,0.29125,450
AB,SEK,SEK,SEK,2,2,11,4F,30,2.208,1.768168168,1.534934935,1.24875,0.29125,450
P,HOK,SEK,SEK,2,2,11,4G,30,1.105,0.884884885,0.651651652,1.24875,0.29125,450
AB,HOK,SEK,SEK,2,2,11,4H,30,0.827,0.662262262,0.429029029,1.24875,0.29125,450
P,HOK,HOK,SEK,2,1,11,5A,30,0.832,0.666266266,0.433033033,1.24875,0.29125,450
AB,HOK,HOK,SEK,2,1,11,5B,30,1.66,1.329329329,1.096096096,1.24875,0.29125,450
P,SEK,HOK,SEK,2,1,11,5C,30,0.732,0.586186186,0.352952953,1.24875,0.29125,450
AB,SEK,HOK,SEK,2,1,11,5D,30,0.755,0.604604605,0.371371371,1.24875,0.29125,450
P,SEK,SEK,SEK,2,1,11,5E,30,0.92,0.736736737,0.503503504,1.24875,0.29125,450
AB,SEK,SEK,SEK,2,1,11,5F,30,0.841,0.673473474,0.44024024,1.24875,0.29125,450
P,HOK,SEK,SEK,2,1,11,5G,30,0.924,0.73993994,0.506706707,1.24875,0.29125,450
AB,HOK,SEK,SEK,2,1,11,5H,30,0.818,0.655055055,0.421821822,1.24875,0.29125,450
P,HOK,HOK,HOK,2,5,11,6A,30,1.3,1.041041041,0.807807808,1.24875,0.29125,450
AB,HOK,HOK,HOK,2,5,11,6B,30,1.897,1.519119119,1.285885886,1.24875,0.29125,450
P,SEK,HOK,HOK,2,5,11,6C,30,1.162,0.930530531,0.697297297,1.24875,0.29125,450
AB,SEK,HOK,HOK,2,5,11,6D,30,1.163,0.931331331,0.698098098,1.24875,0.29125,450
P,SEK,SEK,HOK,2,5,11,6E,30,1.471,1.177977978,0.944744745,1.24875,0.29125,450
AB,SEK,SEK,HOK,2,5,11,6F,30,1.322,1.058658659,0.825425425,1.24875,0.29125,450
P,HOK,SEK,HOK,2,5,11,6G,30,0.999,0.8,0.566766767,1.24875,0.29125,450
AB,HOK,SEK,HOK,2,5,11,6H,30,1.248,0.999399399,0.766166166,1.24875,0.29125,450
P,HOK,HOK,HOK,2,4,11,7A,30,1.125,0.900900901,0.667667668,1.24875,0.29125,450
AB,HOK,HOK,HOK,2,4,11,7B,30,1.463,1.171571572,0.938338338,1.24875,0.29125,450
P,SEK,HOK,HOK,2,4,11,7C,30,2.802,2.243843844,2.010610611,1.24875,0.29125,450
AB,SEK,HOK,HOK,2,4,11,7D,30,2.118,1.696096096,1.462862863,1.24875,0.29125,450
P,SEK,SEK,HOK,2,4,11,7E,30,1.203,0.963363363,0.73013013,1.24875,0.29125,450
AB,SEK,SEK,HOK,2,4,11,7F,30,1.196,0.957757758,0.724524525,1.24875,0.29125,450
P,HOK,SEK,HOK,2,4,11,7G,30,1.226,0.981781782,0.748548549,1.24875,0.29125,450
AB,HOK,SEK,HOK,2,4,11,7H,30,1.395,1.117117117,0.883883884,1.24875,0.29125,450
P,HOK,HOK,HOK,2,3,11,8A,30,1.24,0.992992993,0.75975976,1.24875,0.29125,450
AB,HOK,HOK,HOK,2,3,11,8B,30,2.308,1.848248248,1.615015015,1.24875,0.29125,450
P,SEK,HOK,HOK,2,3,11,8C,30,1.175,0.940940941,0.707707708,1.24875,0.29125,450
AB,SEK,HOK,HOK,2,3,11,8D,30,1.239,0.992192192,0.758958959,1.24875,0.29125,450
P,SEK,SEK,HOK,2,3,11,8E,30,2.355,1.885885886,1.652652653,1.24875,0.29125,450
AB,SEK,SEK,HOK,2,3,11,8F,30,1.243,0.995395395,0.762162162,1.24875,0.29125,450
P,HOK,SEK,HOK,2,3,11,8G,30,1.756,1.406206206,1.172972973,1.24875,0.29125,450
AB,HOK,SEK,HOK,2,3,11,8H,30,1.812,1.451051051,1.217817818,1.24875,0.29125,450
P,HOK,HOK,HOK,2,2,11,9A,30,2.167,1.735335335,1.502102102,1.24875,0.29125,450
AB,HOK,HOK,HOK,2,2,11,9B,30,0.872,0.698298298,0.465065065,1.24875,0.29125,450
P,SEK,HOK,HOK,2,2,11,9C,30,1.572,1.258858859,1.025625626,1.24875,0.29125,450
AB,SEK,HOK,HOK,2,2,11,9D,30,0.763,0.611011011,0.377777778,1.24875,0.29125,450
P,SEK,SEK,HOK,2,2,11,9E,30,1.768,1.415815816,1.182582583,1.24875,0.29125,450
AB,SEK,SEK,HOK,2,2,11,9F,30,1.879,1.504704705,1.271471471,1.24875,0.29125,450
P,HOK,SEK,HOK,2,2,11,9G,30,2.637,2.111711712,1.878478478,1.24875,0.29125,450
AB,HOK,SEK,HOK,2,2,11,9H,30,2.391,1.914714715,1.681481481,1.24875,0.29125,450
P,HOK,HOK,HOK,2,1,11,10A,30,2.721,2.178978979,1.945745746,1.24875,0.29125,450
AB,HOK,HOK,HOK,2,1,11,10B,30,2.487,1.991591592,1.758358358,1.24875,0.29125,450
P,SEK,HOK,HOK,2,1,11,10C,30,2.07,1.657657658,1.424424424,1.24875,0.29125,450
AB,SEK,HOK,HOK,2,1,11,10D,30,1.353,1.083483483,0.85025025,1.24875,0.29125,450
P,SEK,SEK,HOK,2,1,11,10E,30,1.325,1.061061061,0.827827828,1.24875,0.29125,450
AB,SEK,SEK,HOK,2,1,11,10F,30,2.612,2.091691692,1.858458458,1.24875,0.29125,450
P,HOK,SEK,HOK,2,1,11,10G,30,2.986,2.391191191,2.157957958,1.24875,0.29125,450
AB,HOK,SEK,HOK,2,1,11,10H,30,2.132,1.707307307,1.474074074,1.24875,0.29125,450
P,HOK,HOK,SEK,1,5,11,1A,30,2.167,1.735335335,1.502102102,1.24875,0.29125,450
AB,HOK,HOK,SEK,1,5,11,1B,30,2.121,1.698498498,1.465265265,1.24875,0.29125,450
P,SEK,HOK,SEK,1,5,11,1C,30,1.968,1.575975976,1.342742743,1.24875,0.29125,450
AB,SEK,HOK,SEK,1,5,11,1D,30,1.414,1.132332332,0.899099099,1.24875,0.29125,450
P,SEK,SEK,SEK,1,5,11,1E,30,1.157,0.926526527,0.693293293,1.24875,0.29125,450
AB,SEK,SEK,SEK,1,5,11,1F,30,1.97,1.577577578,1.344344344,1.24875,0.29125,450
P,HOK,SEK,SEK,1,5,11,1G,30,1.747,1.398998999,1.165765766,1.24875,0.29125,450
AB,HOK,SEK,SEK,1,5,11,1H,30,2.295,1.837837838,1.604604605,1.24875,0.29125,450
P,HOK,HOK,SEK,1,4,11,2A,30,1.974,1.580780781,1.347547548,1.24875,0.29125,450
AB,HOK,HOK,SEK,1,4,11,2B,30,2.658,2.128528529,1.895295295,1.24875,0.29125,450
P,SEK,HOK,SEK,1,4,11,2C,30,2.19,1.753753754,1.520520521,1.24875,0.29125,450
AB,SEK,HOK,SEK,1,4,11,2D,30,2.053,1.644044044,1.410810811,1.24875,0.29125,450
P,SEK,SEK,SEK,1,4,11,2E,30,1.815,1.453453453,1.22022022,1.24875,0.29125,450
AB,SEK,SEK,SEK,1,4,11,2F,30,1.305,1.045045045,0.811811812,1.24875,0.29125,450
P,HOK,SEK,SEK,1,4,11,2G,30,2.482,1.987587588,1.754354354,1.24875,0.29125,450
AB,HOK,SEK,SEK,1,4,11,2H,30,2.724,2.181381381,1.948148148,1.24875,0.29125,450
P,HOK,HOK,SEK,1,3,11,3A,30,2.441,1.954754755,1.721521522,1.24875,0.29125,450
AB,HOK,HOK,SEK,1,3,11,3B,30,1.058,0.847247247,0.614014014,1.24875,0.29125,450
P,SEK,HOK,SEK,1,3,11,3C,30,1.499,1.2004004,0.967167167,1.24875,0.29125,450
AB,SEK,HOK,SEK,1,3,11,3D,30,1.786,1.43023023,1.196996997,1.24875,0.29125,450
P,SEK,SEK,SEK,1,3,11,3E,30,1.13,0.904904905,0.671671672,1.24875,0.29125,450
AB,SEK,SEK,SEK,1,3,11,3F,30,2.46,1.96996997,1.736736737,1.24875,0.29125,450
P,HOK,SEK,SEK,1,3,11,3G,30,1.637,1.310910911,1.077677678,1.24875,0.29125,450
AB,HOK,SEK,SEK,1,3,11,3H,30,2.231,1.786586587,1.553353353,1.24875,0.29125,450
P,HOK,HOK,SEK,1,2,11,4A,30,2.01,1.60960961,1.376376376,1.24875,0.29125,450
AB,HOK,HOK,SEK,1,2,11,4B,30,1.293,1.035435435,0.802202202,1.24875,0.29125,450
P,SEK,HOK,SEK,1,2,11,4C,30,1.224,0.98018018,0.746946947,1.24875,0.29125,450
AB,SEK,HOK,SEK,1,2,11,4D,30,1.331,1.065865866,0.832632633,1.24875,0.29125,450
P,SEK,SEK,SEK,1,2,11,4E,30,1.204,0.964164164,0.730930931,1.24875,0.29125,450
AB,SEK,SEK,SEK,1,2,11,4F,30,2.863,2.292692693,2.059459459,1.24875,0.29125,450
P,HOK,SEK,SEK,1,2,11,4G,30,1.844,1.476676677,1.243443443,1.24875,0.29125,450
AB,HOK,SEK,SEK,1,2,11,4H,30,2.101,1.682482482,1.449249249,1.24875,0.29125,450
P,HOK,HOK,SEK,1,1,11,5A,30,1.934,1.548748749,1.315515516,1.24875,0.29125,450
AB,HOK,HOK,SEK,1,1,11,5B,30,1.903,1.523923924,1.290690691,1.24875,0.29125,450
P,SEK,HOK,SEK,1,1,11,5C,30,2.326,1.862662663,1.629429429,1.24875,0.29125,450
AB,SEK,HOK,SEK,1,1,11,5D,30,1.985,1.58958959,1.356356356,1.24875,0.29125,450
P,SEK,SEK,SEK,1,1,11,5E,30,2.153,1.724124124,1.490890891,1.24875,0.29125,450
AB,SEK,SEK,SEK,1,1,11,5F,30,1.281,1.025825826,0.792592593,1.24875,0.29125,450
P,HOK,SEK,SEK,1,1,11,5G,30,2.302,1.843443443,1.61021021,1.24875,0.29125,450
AB,HOK,SEK,SEK,1,1,11,5H,30,2.229,1.784984985,1.551751752,1.24875,0.29125,450
P,HOK,HOK,HOK,1,5,11,6A,30,2.996,2.399199199,2.165965966,1.24875,0.29125,450
AB,HOK,HOK,HOK,1,5,11,6B,30,2.087,1.671271271,1.438038038,1.24875,0.29125,450
P,SEK,HOK,HOK,1,5,11,6C,30,1.593,1.275675676,1.042442442,1.24875,0.29125,450
AB,SEK,HOK,HOK,1,5,11,6D,30,1.895,1.517517518,1.284284284,1.24875,0.29125,450
P,SEK,SEK,HOK,1,5,11,6E,30,2.341,1.874674675,1.641441441,1.24875,0.29125,450
AB,SEK,SEK,HOK,1,5,11,6F,30,1.313,1.051451451,0.818218218,1.24875,0.29125,450
P,HOK,SEK,HOK,1,5,11,6G,30,2.796,2.239039039,2.005805806,1.24875,0.29125,450
AB,HOK,SEK,HOK,1,5,11,6H,30,2.624,2.101301301,1.868068068,1.24875,0.29125,450
P,HOK,HOK,HOK,1,4,11,7A,30,1.188,0.951351351,0.718118118,1.24875,0.29125,450
AB,HOK,HOK,HOK,1,4,11,7B,30,0.766,0.613413413,0.38018018,1.24875,0.29125,450
P,SEK,HOK,HOK,1,4,11,7C,30,0.525,0.42042042,0.187187187,1.24875,0.29125,450
AB,SEK,HOK,HOK,1,4,11,7D,30,0.669,0.535735736,0.302502503,1.24875,0.29125,450
P,SEK,SEK,HOK,1,4,11,7E,30,0.595,0.476476477,0.243243243,1.24875,0.29125,450
AB,SEK,SEK,HOK,1,4,11,7F,30,0.88,0.704704705,0.471471472,1.24875,0.29125,450
P,HOK,SEK,HOK,1,4,11,7G,30,0.775,0.620620621,0.387387387,1.24875,0.29125,450
AB,HOK,SEK,HOK,1,4,11,7H,30,0.914,0.731931932,0.498698699,1.24875,0.29125,450
P,HOK,HOK,HOK,1,3,11,8A,30,1.503,1.203603604,0.97037037,1.24875,0.29125,450
AB,HOK,HOK,HOK,1,3,11,8B,30,1.617,1.294894895,1.061661662,1.24875,0.29125,450
P,SEK,HOK,HOK,1,3,11,8C,30,1.555,1.245245245,1.012012012,1.24875,0.29125,450
AB,SEK,HOK,HOK,1,3,11,8D,30,1.318,1.055455455,0.822222222,1.24875,0.29125,450
P,SEK,SEK,HOK,1,3,11,8E,30,1.655,1.325325325,1.092092092,1.24875,0.29125,450
AB,SEK,SEK,HOK,1,3,11,8F,30,2.068,1.656056056,1.422822823,1.24875,0.29125,450
P,HOK,SEK,HOK,1,3,11,8G,30,1.382,1.106706707,0.873473474,1.24875,0.29125,450
AB,HOK,SEK,HOK,1,3,11,8H,30,1.997,1.599199199,1.365965966,1.24875,0.29125,450
P,HOK,HOK,HOK,1,2,11,9A,30,1.634,1.308508509,1.075275275,1.24875,0.29125,450
AB,HOK,HOK,HOK,1,2,11,9B,30,2.46,1.96996997,1.736736737,1.24875,0.29125,450
P,SEK,HOK,HOK,1,2,11,9C,30,1.834,1.468668669,1.235435435,1.24875,0.29125,450
AB,SEK,HOK,HOK,1,2,11,9D,30,1.558,1.247647648,1.014414414,1.24875,0.29125,450
P,SEK,SEK,HOK,1,2,11,9E,30,1.264,1.012212212,0.778978979,1.24875,0.29125,450
AB,SEK,SEK,HOK,1,2,11,9FR,30,2.08,1.665665666,1.432432432,1.24875,0.29125,450
P,HOK,SEK,HOK,1,2,11,9G,30,2.759,2.209409409,1.976176176,1.24875,0.29125,450
AB,HOK,SEK,HOK,1,2,11,9H,30,1.127,0.902502503,0.669269269,1.24875,0.29125,450
P,HOK,HOK,HOK,1,1,11,10A,30,2.839,2.273473473,2.04024024,1.24875,0.29125,450
AB,HOK,HOK,HOK,1,1,11,10B,30,2.255,1.805805806,1.572572573,1.24875,0.29125,450
P,SEK,HOK,HOK,1,1,11,10C,30,2.696,2.158958959,1.925725726,1.24875,0.29125,450
AB,SEK,HOK,HOK,1,1,11,10D,30,2.11,1.68968969,1.456456456,1.24875,0.29125,450
P,SEK,SEK,HOK,1,1,11,10E,30,1.994,1.596796797,1.363563564,1.24875,0.29125,450
AB,SEK,SEK,HOK,1,1,11,10F,30,2.449,1.961161161,1.727927928,1.24875,0.29125,450
P,HOK,SEK,HOK,1,1,11,10G,30,2.216,1.774574575,1.541341341,1.24875,0.29125,450
AB,HOK,SEK,HOK,1,1,11,10H,30,2.144,1.716916917,1.483683684,1.24875,0.29125,450
P,HOK,HOK,SEK,2,5,11,1A,120,1.164,1.095014111,0.892285983,1.063,0.2155,450
AB,HOK,HOK,SEK,2,5,11,1B,120,0.821,0.772342427,0.569614299,1.063,0.2155,450
P,SEK,HOK,SEK,2,5,11,1C,120,0.927,0.872060207,0.669332079,1.063,0.2155,450
AB,SEK,HOK,SEK,2,5,11,1D,120,0.683,0.642521167,0.439793039,1.063,0.2155,450
P,SEK,SEK,SEK,2,5,11,1E,120,1.155,1.086547507,0.883819379,1.063,0.2155,450
AB,SEK,SEK,SEK,2,5,11,1F,120,0.742,0.698024459,0.495296331,1.063,0.2155,450
P,HOK,SEK,SEK,2,5,11,1G,120,1.539,1.447789276,1.245061148,1.063,0.2155,450
AB,HOK,SEK,SEK,2,5,11,1H,120,0.886,0.833490122,0.630761994,1.063,0.2155,450
P,HOK,HOK,SEK,2,4,11,2A,120,1.127,1.060206961,0.857478834,1.063,0.2155,450
AB,HOK,HOK,SEK,2,4,11,2B,120,0.989,0.930385701,0.727657573,1.063,0.2155,450
P,SEK,HOK,SEK,2,4,11,2C,120,1.288,1.211665099,1.008936971,1.063,0.2155,450
AB,SEK,HOK,SEK,2,4,11,2D,120,0.787,0.740357479,0.537629351,1.063,0.2155,450
P,SEK,SEK,SEK,2,4,11,2E,120,0.873,0.821260583,0.618532455,1.063,0.2155,450
AB,SEK,SEK,SEK,2,4,11,2F,120,0.77,0.724365005,0.521636877,1.063,0.2155,450
P,HOK,SEK,SEK,2,4,11,2G,120,1.197,1.126058325,0.923330198,1.063,0.2155,450
AB,HOK,SEK,SEK,2,4,11,2H,120,0.933,0.87770461,0.674976482,1.063,0.2155,450
P,HOK,HOK,SEK,2,3,11,3A,120,1.758,1.653809972,1.451081844,1.063,0.2155,450
AB,HOK,HOK,SEK,2,3,11,3B,120,0.924,0.869238006,0.666509878,1.063,0.2155,450
P,SEK,HOK,SEK,2,3,11,3C,120,1.687,1.587017874,1.384289746,1.063,0.2155,450
AB,SEK,HOK,SEK,2,3,11,3D,120,1.139,1.071495767,0.868767639,1.063,0.2155,450
P,SEK,SEK,SEK,2,3,11,3E,120,1.657,1.558795861,1.356067733,1.063,0.2155,450
AB,SEK,SEK,SEK,2,3,11,3F,120,0.636,0.598306679,0.395578551,1.063,0.2155,450
P,HOK,SEK,SEK,2,3,11,3G,120,1.557,1.464722484,1.261994356,1.063,0.2155,450
AB,HOK,SEK,SEK,2,3,11,3H,120,0.91,0.856067733,0.653339605,1.063,0.2155,450
P,HOK,HOK,SEK,2,2,11,4A,120,1.626,1.529633114,1.326904986,1.063,0.2155,450
AB,HOK,HOK,SEK,2,2,11,4B,120,1.753,1.649106303,1.446378175,1.063,0.2155,450
P,SEK,HOK,SEK,2,2,11,4C,120,0.717,0.674506115,0.471777987,1.063,0.2155,450
AB,SEK,HOK,SEK,2,2,11,4D,120,0.652,0.61335842,0.410630292,1.063,0.2155,450
P,SEK,SEK,SEK,2,2,11,4E,120,0.895,0.841956726,0.639228598,1.063,0.2155,450
AB,SEK,SEK,SEK,2,2,11,4F,120,2.134,2.00752587,1.804797742,1.063,0.2155,450
P,HOK,SEK,SEK,2,2,11,4G,120,1.204,1.132643462,0.929915334,1.063,0.2155,450
AB,HOK,SEK,SEK,2,2,11,4H,120,0.82,0.771401693,0.568673565,1.063,0.2155,450
P,HOK,HOK,SEK,2,1,11,5A,120,0.916,0.861712136,0.658984008,1.063,0.2155,450
AB,HOK,HOK,SEK,2,1,11,5B,120,1.249,1.174976482,0.972248354,1.063,0.2155,450
P,SEK,HOK,SEK,2,1,11,5C,120,0.794,0.746942615,0.544214487,1.063,0.2155,450
AB,SEK,HOK,SEK,2,1,11,5D,120,0.763,0.717779868,0.51505174,1.063,0.2155,450
P,SEK,SEK,SEK,2,1,11,5E,120,0.995,0.936030104,0.733301976,1.063,0.2155,450
AB,SEK,SEK,SEK,2,1,11,5F,120,0.832,0.782690499,0.579962371,1.063,0.2155,450
P,HOK,SEK,SEK,2,1,11,5G,120,1.026,0.96519285,0.762464723,1.063,0.2155,450
AB,HOK,SEK,SEK,2,1,11,5H,120,0.787,0.740357479,0.537629351,1.063,0.2155,450
P,HOK,HOK,HOK,2,5,11,6A,120,1.377,1.295390405,1.092662277,1.063,0.2155,450
AB,HOK,HOK,HOK,2,5,11,6B,120,1.145,1.077140169,0.874412041,1.063,0.2155,450
P,SEK,HOK,HOK,2,5,11,6C,120,1.219,1.146754468,0.944026341,1.063,0.2155,450
AB,SEK,HOK,HOK,2,5,11,6D,120,1.191,1.120413923,0.917685795,1.063,0.2155,450
P,SEK,SEK,HOK,2,5,11,6E,120,1.433,1.348071496,1.145343368,1.063,0.2155,450
AB,SEK,SEK,HOK,2,5,11,6F,120,1.389,1.30667921,1.103951082,1.063,0.2155,450
P,HOK,SEK,HOK,2,5,11,6G,120,1.008,0.948259643,0.745531515,1.063,0.2155,450
AB,HOK,SEK,HOK,2,5,11,6H,120,1.283,1.20696143,1.004233302,1.063,0.2155,450
P,HOK,HOK,HOK,2,4,11,7A,120,1.175,1.105362183,0.902634055,1.063,0.2155,450
AB,HOK,HOK,HOK,2,4,11,7B,120,1.422,1.337723424,1.134995296,1.063,0.2155,450
P,SEK,HOK,HOK,2,4,11,7C,120,2.694,2.534336783,2.331608655,1.063,0.2155,450
AB,SEK,HOK,HOK,2,4,11,7D,120,1.95,1.834430856,1.631702728,1.063,0.2155,450
P,SEK,SEK,HOK,2,4,11,7E,120,1.199,1.127939793,0.925211665,1.063,0.2155,450
AB,SEK,SEK,HOK,2,4,11,7F,120,1.182,1.111947319,0.909219191,1.063,0.2155,450
P,HOK,SEK,HOK,2,4,11,7G,120,1.292,1.215428034,1.012699906,1.063,0.2155,450
AB,HOK,SEK,HOK,2,4,11,7H,120,1.361,1.280338664,1.077610536,1.063,0.2155,450
P,HOK,HOK,HOK,2,3,11,8A,120,1.555,1.462841016,1.260112888,1.063,0.2155,450
AB,HOK,HOK,HOK,2,3,11,8B,120,2.455,2.309501411,2.106773283,1.063,0.2155,450
P,SEK,HOK,HOK,2,3,11,8C,120,1.39,1.307619944,1.104891816,1.063,0.2155,450
AB,SEK,HOK,HOK,2,3,11,8D,120,1.293,1.216368768,1.01364064,1.063,0.2155,450
P,SEK,SEK,HOK,2,3,11,8E,120,2.449,2.303857008,2.101128881,1.063,0.2155,450
AB,SEK,SEK,HOK,2,3,11,8F,120,1.011,0.951081844,0.748353716,1.063,0.2155,450
P,HOK,SEK,HOK,2,3,11,8G,120,1.966,1.849482596,1.646754468,1.063,0.2155,450
AB,HOK,SEK,HOK,2,3,11,8H,120,1.891,1.778927563,1.576199436,1.063,0.2155,450
P,HOK,HOK,HOK,2,2,11,9A,120,1.386,1.303857008,1.101128881,1.063,0.2155,450
AB,HOK,HOK,HOK,2,2,11,9B,120,0.856,0.805268109,0.602539981,1.063,0.2155,450
P,SEK,HOK,HOK,2,2,11,9C,120,1.376,1.294449671,1.091721543,1.063,0.2155,450
AB,SEK,HOK,HOK,2,2,11,9D,120,0.758,0.713076199,0.510348072,1.063,0.2155,450
P,SEK,SEK,HOK,2,2,11,9E,120,1.676,1.576669802,1.373941675,1.063,0.2155,450
AB,SEK,SEK,HOK,2,2,11,9F,120,1.871,1.760112888,1.55738476,1.063,0.2155,450
P,HOK,SEK,HOK,2,2,11,9G,120,2.582,2.4289746,2.226246472,1.063,0.2155,450
AB,HOK,SEK,HOK,2,2,11,9H,120,2.243,2.110065851,1.907337723,1.063,0.2155,450
P,HOK,HOK,HOK,2,1,11,10A,120,2.859,2.689557855,2.486829727,1.063,0.2155,450
AB,HOK,HOK,HOK,2,1,11,10B,120,2.388,2.246472248,2.04374412,1.063,0.2155,450
P,SEK,HOK,HOK,2,1,11,10C,120,2.082,1.958607714,1.755879586,1.063,0.2155,450
AB,SEK,HOK,HOK,2,1,11,10D,120,1.305,1.227657573,1.024929445,1.063,0.2155,450
P,SEK,SEK,HOK,2,1,11,10E,120,1.349,1.269049859,1.066321731,1.063,0.2155,450
AB,SEK,SEK,HOK,2,1,11,10F,120,2.7,2.539981185,2.337253057,1.063,0.2155,450
P,HOK,SEK,HOK,2,1,11,10G,120,3.015,2.836312324,2.633584196,1.063,0.2155,450
AB,HOK,SEK,HOK,2,1,11,10H,120,2.033,1.912511759,1.709783631,1.063,0.2155,450
P,HOK,HOK,SEK,1,5,11,1A,120,2.765,2.601128881,2.398400753,1.063,0.2155,450
AB,HOK,HOK,SEK,1,5,11,1B,120,2.403,2.260583255,2.057855127,1.063,0.2155,450
P,SEK,HOK,SEK,1,5,11,1C,120,1.645,1.547507056,1.344778928,1.063,0.2155,450
AB,SEK,HOK,SEK,1,5,11,1D,120,2.142,2.01505174,1.812323612,1.063,0.2155,450
P,SEK,SEK,SEK,1,5,11,1E,120,1.381,1.29915334,1.096425212,1.063,0.2155,450
AB,SEK,SEK,SEK,1,5,11,1F,120,1.252,1.177798683,0.975070555,1.063,0.2155,450
P,HOK,SEK,SEK,1,5,11,1G,120,1.946,1.830667921,1.627939793,1.063,0.2155,450
AB,HOK,SEK,SEK,1,5,11,1H,120,1.897,1.784571966,1.581843838,1.063,0.2155,450
P,HOK,HOK,SEK,1,4,11,2A,120,2.259,2.125117592,1.922389464,1.063,0.2155,450
AB,HOK,HOK,SEK,1,4,11,2B,120,1.465,1.378174976,1.175446849,1.063,0.2155,450
P,SEK,HOK,SEK,1,4,11,2C,120,1.704,1.603010348,1.40028222,1.063,0.2155,450
AB,SEK,HOK,SEK,1,4,11,2D,120,2.193,2.063029163,1.860301035,1.063,0.2155,450
P,SEK,SEK,SEK,1,4,11,2E,120,1.668,1.569143932,1.366415804,1.063,0.2155,450
AB,SEK,SEK,SEK,1,4,11,2F,120,1.335,1.255879586,1.053151458,1.063,0.2155,450
P,HOK,SEK,SEK,1,4,11,2G,120,2.675,2.516462841,2.313734713,1.063,0.2155,450
AB,HOK,SEK,SEK,1,4,11,2H,120,1.586,1.492003763,1.289275635,1.063,0.2155,450
P,HOK,HOK,SEK,1,3,11,3A,120,1.533,1.442144873,1.239416745,1.063,0.2155,450
AB,HOK,HOK,SEK,1,3,11,3B,120,0.953,0.896519285,0.693791157,1.063,0.2155,450
P,SEK,HOK,SEK,1,3,11,3C,120,1.464,1.377234243,1.174506115,1.063,0.2155,450
AB,SEK,HOK,SEK,1,3,11,3D,120,1.77,1.665098777,1.462370649,1.063,0.2155,450
P,SEK,SEK,SEK,1,3,11,3E,120,1.434,1.34901223,1.146284102,1.063,0.2155,450
AB,SEK,SEK,SEK,1,3,11,3F,120,2.363,2.222953904,2.020225776,1.063,0.2155,450
P,HOK,SEK,SEK,1,3,11,3G,120,1.876,1.764816557,1.562088429,1.063,0.2155,450
AB,HOK,SEK,SEK,1,3,11,3H,120,2.239,2.106302916,1.903574788,1.063,0.2155,450
P,HOK,HOK,SEK,1,2,11,4A,120,1.886,1.774223895,1.571495767,1.063,0.2155,450
AB,HOK,HOK,SEK,1,2,11,4B,120,1.329,1.250235183,1.047507056,1.063,0.2155,450
P,SEK,HOK,SEK,1,2,11,4C,120,1.252,1.177798683,0.975070555,1.063,0.2155,450
AB,SEK,HOK,SEK,1,2,11,4D,120,1.338,1.258701787,1.055973659,1.063,0.2155,450
P,SEK,SEK,SEK,1,2,11,4E,120,1.218,1.145813735,0.943085607,1.063,0.2155,450
AB,SEK,SEK,SEK,1,2,11,4F,120,2.665,2.507055503,2.304327375,1.063,0.2155,450
P,HOK,SEK,SEK,1,2,11,4G,120,2.636,2.479774224,2.277046096,1.063,0.2155,450
AB,HOK,SEK,SEK,1,2,11,4H,120,1.297,1.220131703,1.017403575,1.063,0.2155,450
P,HOK,HOK,SEK,1,1,11,5A,120,1.822,1.714016933,1.511288805,1.063,0.2155,450
AB,HOK,HOK,SEK,1,1,11,5B,120,1.728,1.625587959,1.422859831,1.063,0.2155,450
P,SEK,HOK,SEK,1,1,11,5C,120,2.516,2.366886171,2.164158043,1.063,0.2155,450
AB,SEK,HOK,SEK,1,1,11,5D,120,2.301,2.16462841,1.961900282,1.063,0.2155,450
P,SEK,SEK,SEK,1,1,11,5E,120,2.492,2.344308561,2.141580433,1.063,0.2155,450
AB,SEK,SEK,SEK,1,1,11,5F,120,1.272,1.196613358,0.993885231,1.063,0.2155,450
P,HOK,SEK,SEK,1,1,11,5G,120,2.415,2.27187206,2.069143932,1.063,0.2155,450
AB,HOK,SEK,SEK,1,1,11,5H,120,0.917,0.862652869,0.659924741,1.063,0.2155,450
P,HOK,HOK,HOK,1,5,11,6A,120,3.162,2.974600188,2.77187206,1.063,0.2155,450
AB,HOK,HOK,HOK,1,5,11,6B,120,2.078,1.954844779,1.752116651,1.063,0.2155,450
P,SEK,HOK,HOK,1,5,11,6C,120,1.799,1.692380056,1.489651929,1.063,0.2155,450
AB,SEK,HOK,HOK,1,5,11,6D,120,2.104,1.979303857,1.776575729,1.063,0.2155,450
P,SEK,SEK,HOK,1,5,11,6E,120,2.231,2.098777046,1.896048918,1.063,0.2155,450
AB,SEK,SEK,HOK,1,5,11,6F,120,1.382,1.300094073,1.097365945,1.063,0.2155,450
P,HOK,SEK,HOK,1,5,11,6G,120,2.704,2.54374412,2.341015992,1.063,0.2155,450
AB,HOK,SEK,HOK,1,5,11,6H,120,2.56,2.408278457,2.205550329,1.063,0.2155,450
P,HOK,HOK,HOK,1,4,11,7A,120,1.064,1.000940734,0.798212606,1.063,0.2155,450
AB,HOK,HOK,HOK,1,4,11,7B,120,0.892,0.839134525,0.636406397,1.063,0.2155,450
P,SEK,HOK,HOK,1,4,11,7C,120,0.549,0.516462841,0.313734713,1.063,0.2155,450
AB,SEK,HOK,HOK,1,4,11,7D,120,0.642,0.603951082,0.401222954,1.063,0.2155,450
P,SEK,SEK,HOK,1,4,11,7E,120,0.616,0.579492004,0.376763876,1.063,0.2155,450
AB,SEK,SEK,HOK,1,4,11,7F,120,1.062,0.999059266,0.796331138,1.063,0.2155,450
P,HOK,SEK,HOK,1,4,11,7G,120,0.742,0.698024459,0.495296331,1.063,0.2155,450
AB,HOK,SEK,HOK,1,4,11,7H,120,1.098,1.032925682,0.830197554,1.063,0.2155,450
P,HOK,HOK,HOK,1,3,11,8A,120,1.706,1.604891816,1.402163688,1.063,0.2155,450
AB,HOK,HOK,HOK,1,3,11,8B,120,1.821,1.713076199,1.510348071,1.063,0.2155,450
P,SEK,HOK,HOK,1,3,11,8C,120,1.616,1.520225776,1.317497648,1.063,0.2155,450
AB,SEK,HOK,HOK,1,3,11,8D,120,0.835,0.7855127,0.582784572,1.063,0.2155,450
P,SEK,SEK,HOK,1,3,11,8E,120,1.647,1.549388523,1.346660395,1.063,0.2155,450
AB,SEK,SEK,HOK,1,3,11,8F,120,2.126,2,1.797271872,1.063,0.2155,450
P,HOK,SEK,HOK,1,3,11,8G,120,0.946,0.889934149,0.687206021,1.063,0.2155,450
AB,HOK,SEK,HOK,1,3,11,8H,120,2.102,1.977422389,1.774694262,1.063,0.2155,450
P,HOK,HOK,HOK,1,2,11,9A,120,1.268,1.192850423,0.990122295,1.063,0.2155,450
AB,HOK,HOK,HOK,1,2,11,9B,120,1.9,1.787394167,1.58466604,1.063,0.2155,450
P,SEK,HOK,HOK,1,2,11,9C,120,1.934,1.819379116,1.616650988,1.063,0.2155,450
AB,SEK,HOK,HOK,1,2,11,9D,120,1.139,1.071495767,0.868767639,1.063,0.2155,450
P,SEK,SEK,HOK,1,2,11,9E,120,1.618,1.522107244,1.319379116,1.063,0.2155,450
AB,SEK,SEK,HOK,1,2,11,9FR,120,2.342,2.203198495,2.000470367,1.063,0.2155,450
P,HOK,SEK,HOK,1,2,11,9G,120,1.743,1.639698965,1.436970837,1.063,0.2155,450
AB,HOK,SEK,HOK,1,2,11,9H,120,1.017,0.956726247,0.753998119,1.063,0.2155,450
P,HOK,HOK,HOK,1,1,11,10A,120,2.627,2.47130762,2.268579492,1.063,0.2155,450
AB,HOK,HOK,HOK,1,1,11,10B,120,1.724,1.621825024,1.419096896,1.063,0.2155,450
P,SEK,HOK,HOK,1,1,11,10C,120,2.555,2.403574788,2.20084666,1.063,0.2155,450
AB,SEK,HOK,HOK,1,1,11,10D,120,1.372,1.290686736,1.087958608,1.063,0.2155,450
P,SEK,SEK,HOK,1,1,11,10E,120,1.824,1.715898401,1.513170273,1.063,0.2155,450
AB,SEK,SEK,HOK,1,1,11,10F,120,2.057,1.93508937,1.732361242,1.063,0.2155,450
P,HOK,SEK,HOK,1,1,11,10G,120,1.338,1.258701787,1.055973659,1.063,0.2155,450
AB,HOK,SEK,HOK,1,1,11,10H,120,0.834,0.784571966,0.581843838,1.063,0.2155,450
P,HOK,HOK,SEK,2,5,11,1A,960,1.534,1.616012642,1.31340532,0.94925,0.28725,450
AB,HOK,HOK,SEK,2,5,11,1B,960,0.94,0.990255465,0.687648143,0.94925,0.28725,450
P,SEK,HOK,SEK,2,5,11,1C,960,1.358,1.430603108,1.127995786,0.94925,0.28725,450
AB,SEK,HOK,SEK,2,5,11,1D,960,0.798,0.840663682,0.53805636,0.94925,0.28725,450
P,SEK,SEK,SEK,2,5,11,1E,960,1.387,1.461153542,1.158546221,0.94925,0.28725,450
AB,SEK,SEK,SEK,2,5,11,1F,960,0.805,0.848037925,0.545430603,0.94925,0.28725,450
P,HOK,SEK,SEK,2,5,11,1G,960,1.441,1.518040558,1.215433237,0.94925,0.28725,450
AB,HOK,SEK,SEK,2,5,11,1H,960,0.974,1.026073216,0.723465894,0.94925,0.28725,450
P,HOK,HOK,SEK,2,4,11,2A,960,1.18,1.243086647,0.940479326,0.94925,0.28725,450
AB,HOK,HOK,SEK,2,4,11,2B,960,1.054,1.110350277,0.807742955,0.94925,0.28725,450
P,SEK,HOK,SEK,2,4,11,2C,960,1.397,1.471688175,1.169080853,0.94925,0.28725,450
AB,SEK,HOK,SEK,2,4,11,2D,960,0.791,0.833289439,0.530682118,0.94925,0.28725,450
P,SEK,SEK,SEK,2,4,11,2E,960,0.906,0.954437714,0.651830392,0.94925,0.28725,450
AB,SEK,SEK,SEK,2,4,11,2F,960,0.735,0.774295496,0.471688175,0.94925,0.28725,450
P,HOK,SEK,SEK,2,4,11,2G,960,1.709,1.800368712,1.497761391,0.94925,0.28725,450
AB,HOK,SEK,SEK,2,4,11,2H,960,1.017,1.071372136,0.768764814,0.94925,0.28725,450
P,HOK,HOK,SEK,2,3,11,3A,960,2.088,2.199631288,1.897023966,0.94925,0.28725,450
AB,HOK,HOK,SEK,2,3,11,3B,960,0.98,1.032393995,0.729786674,0.94925,0.28725,450
P,SEK,HOK,SEK,2,3,11,3C,960,1.779,1.87411114,1.571503819,0.94925,0.28725,450
AB,SEK,HOK,SEK,2,3,11,3D,960,1.14,1.200948117,0.898340795,0.94925,0.28725,450
P,SEK,SEK,SEK,2,3,11,3E,960,1.663,1.751909402,1.449302081,0.94925,0.28725,450
AB,SEK,SEK,SEK,2,3,11,3F,960,0.703,0.740584672,0.437977351,0.94925,0.28725,450
P,HOK,SEK,SEK,2,3,11,3G,960,1.786,1.881485383,1.578878062,0.94925,0.28725,450
AB,HOK,SEK,SEK,2,3,11,3H,960,0.871,0.9175665,0.614959178,0.94925,0.28725,450
P,HOK,HOK,SEK,2,2,11,4A,960,1.666,1.755069792,1.45246247,0.94925,0.28725,450
AB,HOK,HOK,SEK,2,2,11,4B,960,1.95,2.054253358,1.751646036,0.94925,0.28725,450
P,SEK,HOK,SEK,2,2,11,4C,960,0.858,0.903871478,0.601264156,0.94925,0.28725,450
AB,SEK,HOK,SEK,2,2,11,4D,960,0.689,0.725836187,0.423228865,0.94925,0.28725,450
P,SEK,SEK,SEK,2,2,11,4E,960,0.824,0.868053727,0.565446405,0.94925,0.28725,450
AB,SEK,SEK,SEK,2,2,11,4F,960,1.661,1.749802476,1.447195154,0.94925,0.28725,450
P,HOK,SEK,SEK,2,2,11,4G,960,1.421,1.496971293,1.194363972,0.94925,0.28725,450
AB,HOK,SEK,SEK,2,2,11,4H,960,0.923,0.972346589,0.669739268,0.94925,0.28725,450
P,HOK,HOK,SEK,2,1,11,5A,960,1.008,1.061890967,0.759283645,0.94925,0.28725,450
AB,HOK,HOK,SEK,2,1,11,5B,960,1.374,1.44745852,1.144851198,0.94925,0.28725,450
P,SEK,HOK,SEK,2,1,11,5C,960,0.978,1.030287069,0.727679747,0.94925,0.28725,450
AB,SEK,HOK,SEK,2,1,11,5D,960,0.86,0.905978404,0.603371082,0.94925,0.28725,450
P,SEK,SEK,SEK,2,1,11,5E,960,1.283,1.351593363,1.048986042,0.94925,0.28725,450
AB,SEK,SEK,SEK,2,1,11,5F,960,1.094,1.152488807,0.849881485,0.94925,0.28725,450
P,HOK,SEK,SEK,2,1,11,5G,960,1.081,1.138793785,0.836186463,0.94925,0.28725,450
AB,HOK,SEK,SEK,2,1,11,5H,960,0.951,1.001843561,0.699236239,0.94925,0.28725,450
P,HOK,HOK,HOK,2,5,11,6A,960,1.21,1.274690545,0.972083224,0.94925,0.28725,450
AB,HOK,HOK,HOK,2,5,11,6B,960,1.079,1.136686858,0.834079537,0.94925,0.28725,450
P,SEK,HOK,HOK,2,5,11,6C,960,1.104,1.16302344,0.860416118,0.94925,0.28725,450
AB,SEK,HOK,HOK,2,5,11,6D,960,1.069,1.126152225,0.823544904,0.94925,0.28725,450
P,SEK,SEK,HOK,2,5,11,6E,960,1.336,1.407426916,1.104819594,0.94925,0.28725,450
AB,SEK,SEK,HOK,2,5,11,6F,960,1.337,1.408480379,1.105873058,0.94925,0.28725,450
P,HOK,SEK,HOK,2,5,11,6G,960,0.905,0.953384251,0.650776929,0.94925,0.28725,450
AB,HOK,SEK,HOK,2,5,11,6H,960,1.173,1.235712405,0.933105083,0.94925,0.28725,450
P,HOK,HOK,HOK,2,4,11,7A,960,1.228,1.293652884,0.991045562,0.94925,0.28725,450
AB,HOK,HOK,HOK,2,4,11,7B,960,1.324,1.394785357,1.092178035,0.94925,0.28725,450
P,SEK,HOK,HOK,2,4,11,7C,960,1.993,2.099552278,1.796944957,0.94925,0.28725,450
AB,SEK,HOK,HOK,2,4,11,7D,960,2.192,2.309191467,2.006584145,0.94925,0.28725,450
P,SEK,SEK,HOK,2,4,11,7E,960,1.12,1.179878852,0.87727153,0.94925,0.28725,450
AB,SEK,SEK,HOK,2,4,11,7F,960,1.088,1.146168027,0.843560706,0.94925,0.28725,450
P,HOK,SEK,HOK,2,4,11,7G,960,1.287,1.355807216,1.053199895,0.94925,0.28725,450
AB,HOK,SEK,HOK,2,4,11,7H,960,1.362,1.434816961,1.132209639,0.94925,0.28725,450
P,HOK,HOK,HOK,2,3,11,8A,960,1.942,2.045825652,1.74321833,0.94925,0.28725,450
AB,HOK,HOK,HOK,2,3,11,8B,960,2.555,2.69159863,2.388991309,0.94925,0.28725,450
P,SEK,HOK,HOK,2,3,11,8C,960,1.597,1.682380827,1.379773505,0.94925,0.28725,450
AB,SEK,HOK,HOK,2,3,11,8D,960,1.371,1.44429813,1.141690809,0.94925,0.28725,450
P,SEK,SEK,HOK,2,3,11,8E,960,2.643,2.784303397,2.481696076,0.94925,0.28725,450
AB,SEK,SEK,HOK,2,3,11,8F,960,1.036,1.091387938,0.788780616,0.94925,0.28725,450
P,HOK,SEK,HOK,2,3,11,8G,960,2.389,2.516723729,2.214116408,0.94925,0.28725,450
AB,HOK,SEK,HOK,2,3,11,8H,960,2.184,2.300763761,1.998156439,0.94925,0.28725,450
P,HOK,HOK,HOK,2,2,11,9A,960,1.195,1.258888596,0.956281275,0.94925,0.28725,450
AB,HOK,HOK,HOK,2,2,11,9B,960,0.846,0.891229918,0.588622597,0.94925,0.28725,450
P,SEK,HOK,HOK,2,2,11,9C,960,1.797,1.893073479,1.590466157,0.94925,0.28725,450
AB,SEK,HOK,HOK,2,2,11,9D,960,0.864,0.910192257,0.607584936,0.94925,0.28725,450
P,SEK,SEK,HOK,2,2,11,9E,960,1.596,1.681327364,1.378720042,0.94925,0.28725,450
AB,SEK,SEK,HOK,2,2,11,9F,960,1.99,2.096391888,1.793784567,0.94925,0.28725,450
P,HOK,SEK,HOK,2,2,11,9G,960,2.768,2.915986305,2.613378983,0.94925,0.28725,450
AB,HOK,SEK,HOK,2,2,11,9H,960,2.352,2.477745589,2.175138267,0.94925,0.28725,450
P,HOK,HOK,HOK,2,1,11,10A,960,2.721,2.866473532,2.56386621,0.94925,0.28725,450
AB,HOK,HOK,HOK,2,1,11,10B,960,2.465,2.596786937,2.294179615,0.94925,0.28725,450
P,SEK,HOK,HOK,2,1,11,10C,960,1.944,2.047932578,1.745325257,0.94925,0.28725,450
AB,SEK,HOK,HOK,2,1,11,10D,960,1.285,1.35370029,1.051092968,0.94925,0.28725,450
P,SEK,SEK,HOK,2,1,11,10E,960,1.77,1.864629971,1.562022649,0.94925,0.28725,450
AB,SEK,SEK,HOK,2,1,11,10F,960,2.826,2.977087174,2.674479853,0.94925,0.28725,450
P,HOK,SEK,HOK,2,1,11,10G,960,3.244,3.417434817,3.114827495,0.94925,0.28725,450
AB,HOK,SEK,HOK,2,1,11,10H,960,1.578,1.662365025,1.359757703,0.94925,0.28725,450
P,HOK,HOK,SEK,1,5,11,1A,960,2.917,3.072952331,2.770345009,0.94925,0.28725,450
AB,HOK,HOK,SEK,1,5,11,1B,960,2.542,2.677903608,2.375296287,0.94925,0.28725,450
P,SEK,HOK,SEK,1,5,11,1C,960,1.518,1.599157229,1.296549908,0.94925,0.28725,450
AB,SEK,HOK,SEK,1,5,11,1D,960,1.456,1.533842507,1.231235186,0.94925,0.28725,450
P,SEK,SEK,SEK,1,5,11,1E,960,2.009,2.11640769,1.813800369,0.94925,0.28725,450
AB,SEK,SEK,SEK,1,5,11,1F,960,1.591,1.676060047,1.373452726,0.94925,0.28725,450
P,HOK,SEK,SEK,1,5,11,1G,960,1.537,1.619173031,1.31656571,0.94925,0.28725,450
AB,HOK,SEK,SEK,1,5,11,1H,960,1.595,1.6802739,1.377666579,0.94925,0.28725,450
P,HOK,HOK,SEK,1,4,11,2A,960,2.299,2.421912036,2.119304714,0.94925,0.28725,450
AB,HOK,HOK,SEK,1,4,11,2B,960,1.861,1.960495128,1.657887806,0.94925,0.28725,450
P,SEK,HOK,SEK,1,4,11,2C,960,2.599,2.737951014,2.435343692,0.94925,0.28725,450
AB,SEK,HOK,SEK,1,4,11,2D,960,2.693,2.83697656,2.534369239,0.94925,0.28725,450
P,SEK,SEK,SEK,1,4,11,2E,960,2.103,2.215433237,1.912825915,0.94925,0.28725,450
AB,SEK,SEK,SEK,1,4,11,2F,960,1.535,1.617066105,1.314458783,0.94925,0.28725,450
P,HOK,SEK,SEK,1,4,11,2G,960,2.532,2.667368976,2.364761654,0.94925,0.28725,450
AB,HOK,SEK,SEK,1,4,11,2H,960,2.037,2.145904662,1.84329734,0.94925,0.28725,450
P,HOK,HOK,SEK,1,3,11,3A,960,1.507,1.587569134,1.284961812,0.94925,0.28725,450
AB,HOK,HOK,SEK,1,3,11,3B,960,0.888,0.935475375,0.632868054,0.94925,0.28725,450
P,SEK,HOK,SEK,1,3,11,3C,960,1.767,1.861469581,1.55886226,0.94925,0.28725,450
AB,SEK,HOK,SEK,1,3,11,3D,960,1.449,1.526468264,1.223860943,0.94925,0.28725,450
P,SEK,SEK,SEK,1,3,11,3E,960,2.317,2.440874375,2.138267053,0.94925,0.28725,450
AB,SEK,SEK,SEK,1,3,11,3F,960,2.294,2.41664472,2.114037398,0.94925,0.28725,450
P,HOK,SEK,SEK,1,3,11,3G,960,1.548,1.630761127,1.328153806,0.94925,0.28725,450
AB,HOK,SEK,SEK,1,3,11,3H,960,2.323,2.447195154,2.144587832,0.94925,0.28725,450
P,HOK,HOK,SEK,1,2,11,4A,960,1.261,1.328417171,1.02580985,0.94925,0.28725,450
AB,HOK,HOK,SEK,1,2,11,4B,960,1.348,1.420068475,1.117461154,0.94925,0.28725,450
P,SEK,HOK,SEK,1,2,11,4C,960,1.212,1.276797472,0.97419015,0.94925,0.28725,450
AB,SEK,HOK,SEK,1,2,11,4D,960,1.237,1.303134053,1.000526732,0.94925,0.28725,450
P,SEK,SEK,SEK,1,2,11,4E,960,1.191,1.254674743,0.952067422,0.94925,0.28725,450
AB,SEK,SEK,SEK,1,2,11,4F,960,2.1,2.212272847,1.909665525,0.94925,0.28725,450
P,HOK,SEK,SEK,1,2,11,4G,960,3.692,3.889386358,3.586779036,0.94925,0.28725,450
AB,HOK,SEK,SEK,1,2,11,4H,960,1.236,1.30208059,0.999473268,0.94925,0.28725,450
P,HOK,HOK,SEK,1,1,11,5A,960,2.093,2.204898604,1.902291283,0.94925,0.28725,450
AB,HOK,HOK,SEK,1,1,11,5B,960,1.945,2.048986042,1.74637872,0.94925,0.28725,450
P,SEK,HOK,SEK,1,1,11,5C,960,2.278,2.399789307,2.097181986,0.94925,0.28725,450
AB,SEK,HOK,SEK,1,1,11,5D,960,0.951,1.001843561,0.699236239,0.94925,0.28725,450
P,SEK,SEK,SEK,1,1,11,5E,960,2.195,2.312351857,2.009744535,0.94925,0.28725,450
AB,SEK,SEK,SEK,1,1,11,5F,960,1.572,1.656044245,1.353436924,0.94925,0.28725,450
P,HOK,SEK,SEK,1,1,11,5G,960,1.417,1.49275744,1.190150119,0.94925,0.28725,450
AB,HOK,SEK,SEK,1,1,11,5H,960,0.88,0.927047669,0.624440348,0.94925,0.28725,450
P,HOK,HOK,HOK,1,5,11,6A,960,3.232,3.404793258,3.102185936,0.94925,0.28725,450
AB,HOK,HOK,HOK,1,5,11,6B,960,2.526,2.661048196,2.358440874,0.94925,0.28725,450
P,SEK,HOK,HOK,1,5,11,6C,960,1.311,1.381090334,1.078483013,0.94925,0.28725,450
AB,SEK,HOK,HOK,1,5,11,6D,960,2.215,2.333421122,2.0308138,0.94925,0.28725,450
P,SEK,SEK,HOK,1,5,11,6E,960,2.144,2.25862523,1.956017909,0.94925,0.28725,450
AB,SEK,SEK,HOK,1,5,11,6F,960,1.318,1.388464577,1.085857256,0.94925,0.28725,450
P,HOK,SEK,HOK,1,5,11,6G,960,2.494,2.627337372,2.32473005,0.94925,0.28725,450
AB,HOK,SEK,HOK,1,5,11,6H,960,2.465,2.596786937,2.294179615,0.94925,0.28725,450
P,HOK,HOK,HOK,1,4,11,7A,960,1.103,1.161969976,0.859362655,0.94925,0.28725,450
AB,HOK,HOK,HOK,1,4,11,7B,960,1.052,1.10824335,0.805636028,0.94925,0.28725,450
P,SEK,HOK,HOK,1,4,11,7C,960,0.534,0.562549381,0.25994206,0.94925,0.28725,450
AB,SEK,HOK,HOK,1,4,11,7D,960,0.879,0.925994206,0.623386884,0.94925,0.28725,450
P,SEK,SEK,HOK,1,4,11,7E,960,0.561,0.590992889,0.288385568,0.94925,0.28725,450
AB,SEK,SEK,HOK,1,4,11,7F,960,0.783,0.824861733,0.522254411,0.94925,0.28725,450
P,HOK,SEK,HOK,1,4,11,7G,960,0.834,0.878588359,0.575981038,0.94925,0.28725,450
AB,HOK,SEK,HOK,1,4,11,7H,960,1.014,1.068211746,0.765604425,0.94925,0.28725,450
P,HOK,HOK,HOK,1,3,11,8A,960,2.425,2.554648407,2.252041085,0.94925,0.28725,450
AB,HOK,HOK,HOK,1,3,11,8B,960,1.512,1.59283645,1.290229128,0.94925,0.28725,450
P,SEK,HOK,HOK,1,3,11,8C,960,1.383,1.456939689,1.154332368,0.94925,0.28725,450
AB,SEK,HOK,HOK,1,3,11,8D,960,0.738,0.777455886,0.474848565,0.94925,0.28725,450
P,SEK,SEK,HOK,1,3,11,8E,960,1.736,1.82881222,1.526204899,0.94925,0.28725,450
AB,SEK,SEK,HOK,1,3,11,8F,960,1.885,1.985778246,1.683170924,0.94925,0.28725,450
P,HOK,SEK,HOK,1,3,11,8G,960,0.795,0.837503292,0.534895971,0.94925,0.28725,450
AB,HOK,SEK,HOK,1,3,11,8H,960,2.244,2.363971556,2.061364235,0.94925,0.28725,450
P,HOK,HOK,HOK,1,2,11,9A,960,2.592,2.730576771,2.42796945,0.94925,0.28725,450
AB,HOK,HOK,HOK,1,2,11,9B,960,2.057,2.166973927,1.864366605,0.94925,0.28725,450
P,SEK,HOK,HOK,1,2,11,9C,960,1.956,2.060574137,1.757966816,0.94925,0.28725,450
AB,SEK,HOK,HOK,1,2,11,9D,960,0.914,0.96286542,0.660258099,0.94925,0.28725,450
P,SEK,SEK,HOK,1,2,11,9E,960,1.015,1.069265209,0.766657888,0.94925,0.28725,450
AB,SEK,SEK,HOK,1,2,11,9FR,960,2.007,2.114300764,1.811693442,0.94925,0.28725,450
P,HOK,SEK,HOK,1,2,11,9G,960,1.326,1.396892283,1.094284962,0.94925,0.28725,450
AB,HOK,SEK,HOK,1,2,11,9H,960,0.934,0.983934685,0.681327364,0.94925,0.28725,450
P,HOK,HOK,HOK,1,1,11,10A,960,3.21,3.381617066,3.079009745,0.94925,0.28725,450
AB,HOK,HOK,HOK,1,1,11,10B,960,2.275,2.396628918,2.094021596,0.94925,0.28725,450
P,SEK,HOK,HOK,1,1,11,10C,960,1.801,1.897287332,1.594680011,0.94925,0.28725,450
AB,SEK,HOK,HOK,1,1,11,10D,960,1.817,1.914142744,1.611535423,0.94925,0.28725,450
P,SEK,SEK,HOK,1,1,11,10E,960,1.563,1.646563076,1.343955755,0.94925,0.28725,450
AB,SEK,SEK,HOK,1,1,11,10F,960,2.194,2.311298393,2.008691072,0.94925,0.28725,450
P,HOK,SEK,HOK,1,1,11,10G,960,1.801,1.897287332,1.594680011,0.94925,0.28725,450
AB,HOK,SEK,HOK,1,1,11,10H,960,0.774,0.815380564,0.512773242,0.94925,0.28725,450
P,HOK,HOK,SEK,2,5,11,1A,1440,1.788,1.808572512,1.514982931,0.988625,0.29025,450
AB,HOK,HOK,SEK,2,5,11,1B,1440,1.352,1.367555949,1.073966367,0.988625,0.29025,450
P,SEK,HOK,SEK,2,5,11,1C,1440,1.446,1.462637502,1.16904792,0.988625,0.29025,450
AB,SEK,HOK,SEK,2,5,11,1D,1440,0.888,0.898217221,0.604627639,0.988625,0.29025,450
P,SEK,SEK,SEK,2,5,11,1E,1440,1.26,1.274497408,0.980907827,0.988625,0.29025,450
AB,SEK,SEK,SEK,2,5,11,1F,1440,0.79,0.799089645,0.505500063,0.988625,0.29025,450
P,HOK,SEK,SEK,2,5,11,1G,1440,1.298,1.312934631,1.01934505,0.988625,0.29025,450
AB,HOK,SEK,SEK,2,5,11,1H,1440,0.969,0.980149197,0.686559616,0.988625,0.29025,450
P,HOK,HOK,SEK,2,4,11,2A,1440,1.279,1.29371602,1.000126438,0.988625,0.29025,450
AB,HOK,HOK,SEK,2,4,11,2B,1440,1.105,1.117713997,0.824124415,0.988625,0.29025,450
P,SEK,HOK,SEK,2,4,11,2C,1440,1.521,1.538500443,1.244910861,0.988625,0.29025,450
AB,SEK,HOK,SEK,2,4,11,2D,1440,0.825,0.834492351,0.540902769,0.988625,0.29025,450
P,SEK,SEK,SEK,2,4,11,2E,1440,0.926,0.936654444,0.643064863,0.988625,0.29025,450
AB,SEK,SEK,SEK,2,4,11,2F,1440,0.681,0.688835504,0.395245922,0.988625,0.29025,450
P,HOK,SEK,SEK,2,4,11,2G,1440,1.872,1.893539006,1.599949425,0.988625,0.29025,450
AB,HOK,SEK,SEK,2,4,11,2H,1440,1.096,1.108610444,0.815020862,0.988625,0.29025,450
P,HOK,HOK,SEK,2,3,11,3A,1440,1.76,1.780250348,1.486660766,0.988625,0.29025,450
AB,HOK,HOK,SEK,2,3,11,3B,1440,0.972,0.983183715,0.689594133,0.988625,0.29025,450
P,SEK,HOK,SEK,2,3,11,3C,1440,1.603,1.621443925,1.327854343,0.988625,0.29025,450
AB,SEK,HOK,SEK,2,3,11,3D,1440,0.679,0.686812492,0.393222911,0.988625,0.29025,450
P,SEK,SEK,SEK,2,3,11,3E,1440,1.243,1.257301808,0.963712227,0.988625,0.29025,450
AB,SEK,SEK,SEK,2,3,11,3F,1440,0.997,1.008471362,0.71488178,0.988625,0.29025,450
P,HOK,SEK,SEK,2,3,11,3G,1440,0.99,1.001390821,0.707801239,0.988625,0.29025,450
AB,HOK,SEK,SEK,2,3,11,3H,1440,0.691,0.698950563,0.405360981,0.988625,0.29025,450
P,HOK,HOK,SEK,2,2,11,4A,1440,2.059,2.082690606,1.789101024,0.988625,0.29025,450
AB,HOK,HOK,SEK,2,2,11,4B,1440,1.153,1.166266279,0.872676697,0.988625,0.29025,450
P,SEK,HOK,SEK,2,2,11,4C,1440,0.912,0.922493362,0.628903781,0.988625,0.29025,450
AB,SEK,HOK,SEK,2,2,11,4D,1440,0.722,0.730307245,0.436717663,0.988625,0.29025,450
P,SEK,SEK,SEK,2,2,11,4E,1440,0.867,0.876975597,0.583386016,0.988625,0.29025,450
AB,SEK,SEK,SEK,2,2,11,4F,1440,1.551,1.568845619,1.275256037,0.988625,0.29025,450
P,HOK,SEK,SEK,2,2,11,4G,1440,1.548,1.565811101,1.27222152,0.988625,0.29025,450
AB,HOK,SEK,SEK,2,2,11,4H,1440,1.003,1.014540397,0.720950816,0.988625,0.29025,450
P,HOK,HOK,SEK,2,1,11,5A,1440,1.069,1.081299785,0.787710204,0.988625,0.29025,450
AB,HOK,HOK,SEK,2,1,11,5B,1440,1.893,1.91478063,1.621191048,0.988625,0.29025,450
P,SEK,HOK,SEK,2,1,11,5C,1440,1.04,1.051966115,0.758376533,0.988625,0.29025,450
AB,SEK,HOK,SEK,2,1,11,5D,1440,0.889,0.899228727,0.605639145,0.988625,0.29025,450
P,SEK,SEK,SEK,2,1,11,5E,1440,1.427,1.44341889,1.149829308,0.988625,0.29025,450
AB,SEK,SEK,SEK,2,1,11,5F,1440,1.363,1.378682514,1.085092932,0.988625,0.29025,450
P,HOK,SEK,SEK,2,1,11,5G,1440,1.005,1.016563409,0.722973827,0.988625,0.29025,450
AB,HOK,SEK,SEK,2,1,11,5H,1440,0.951,0.961942091,0.66835251,0.988625,0.29025,450
P,HOK,HOK,HOK,2,5,11,6A,1440,1.219,1.233025667,0.939436086,0.988625,0.29025,450
AB,HOK,HOK,HOK,2,5,11,6B,1440,1.125,1.137944114,0.844354533,0.988625,0.29025,450
P,SEK,HOK,HOK,2,5,11,6C,1440,1.116,1.128840561,0.83525098,0.988625,0.29025,450
AB,SEK,HOK,HOK,2,5,11,6D,1440,1.109,1.12176002,0.828170439,0.988625,0.29025,450
P,SEK,SEK,HOK,2,5,11,6E,1440,1.393,1.40902769,1.115438108,0.988625,0.29025,450
AB,SEK,SEK,HOK,2,5,11,6F,1440,1.335,1.350360349,1.056770767,0.988625,0.29025,450
P,HOK,SEK,HOK,2,5,11,6G,1440,0.89,0.900240233,0.606650651,0.988625,0.29025,450
AB,HOK,SEK,HOK,2,5,11,6H,1440,1.142,1.155139714,0.861550133,0.988625,0.29025,450
P,HOK,HOK,HOK,2,4,11,7A,1440,1.248,1.262359337,0.968769756,0.988625,0.29025,450
AB,HOK,HOK,HOK,2,4,11,7B,1440,1.301,1.315969149,1.022379568,0.988625,0.29025,450
P,SEK,HOK,HOK,2,4,11,7C,1440,1.791,1.81160703,1.518017448,0.988625,0.29025,450
AB,SEK,HOK,HOK,2,4,11,7D,1440,1.367,1.382728537,1.089138956,0.988625,0.29025,450
P,SEK,SEK,HOK,2,4,11,7E,1440,1.119,1.131875079,0.838285498,0.988625,0.29025,450
AB,SEK,SEK,HOK,2,4,11,7F,1440,1.703,1.722594513,1.429004931,0.988625,0.29025,450
P,HOK,SEK,HOK,2,4,11,7G,1440,1.135,1.148059173,0.854469592,0.988625,0.29025,450
AB,HOK,SEK,HOK,2,4,11,7H,1440,1.348,1.363509925,1.069920344,0.988625,0.29025,450
P,HOK,HOK,HOK,2,3,11,8A,1440,1.729,1.748893665,1.455304084,0.988625,0.29025,450
AB,HOK,HOK,HOK,2,3,11,8B,1440,2.397,2.424579593,2.130990011,0.988625,0.29025,450
P,SEK,HOK,HOK,2,3,11,8C,1440,1.427,1.44341889,1.149829308,0.988625,0.29025,450
AB,SEK,HOK,HOK,2,3,11,8D,1440,1.089,1.101529903,0.807940321,0.988625,0.29025,450
P,SEK,SEK,HOK,2,3,11,8E,1440,2.464,2.492350487,2.198760905,0.988625,0.29025,450
AB,SEK,SEK,HOK,2,3,11,8F,1440,1.453,1.469718043,1.176128461,0.988625,0.29025,450
P,HOK,SEK,HOK,2,3,11,8G,1440,2.348,2.375015805,2.081426223,0.988625,0.29025,450
AB,HOK,SEK,HOK,2,3,11,8H,1440,2.368,2.395245922,2.101656341,0.988625,0.29025,450
P,HOK,HOK,HOK,2,2,11,9A,1440,1.573,1.591098748,1.297509167,0.988625,0.29025,450
AB,HOK,HOK,HOK,2,2,11,9B,1440,0.921,0.931596915,0.638007333,0.988625,0.29025,450
P,SEK,HOK,HOK,2,2,11,9C,1440,1.528,1.545580984,1.251991402,0.988625,0.29025,450
AB,SEK,HOK,HOK,2,2,11,9D,1440,0.843,0.852699456,0.559109875,0.988625,0.29025,450
P,SEK,SEK,HOK,2,2,11,9E,1440,1.511,1.528385384,1.234795802,0.988625,0.29025,450
AB,SEK,SEK,HOK,2,2,11,9F,1440,2.209,2.234416488,1.940826906,0.988625,0.29025,450
P,HOK,SEK,HOK,2,2,11,9G,1440,3.083,3.118472626,2.824883045,0.988625,0.29025,450
AB,HOK,SEK,HOK,2,2,11,9H,1440,1.868,1.889492983,1.595903401,0.988625,0.29025,450
P,HOK,HOK,HOK,2,1,11,10A,1440,2.854,2.88683778,2.593248198,0.988625,0.29025,450
AB,HOK,HOK,HOK,2,1,11,10B,1440,2.259,2.284991782,1.9914022,0.988625,0.29025,450
P,SEK,HOK,HOK,2,1,11,10C,1440,2.325,2.35175117,2.058161588,0.988625,0.29025,450
AB,SEK,HOK,HOK,2,1,11,10D,1440,1.357,1.372613478,1.079023897,0.988625,0.29025,450
P,SEK,SEK,HOK,2,1,11,10E,1440,1.89,1.911746112,1.618156531,0.988625,0.29025,450
AB,SEK,SEK,HOK,2,1,11,10F,1440,2.704,2.735111898,2.441522316,0.988625,0.29025,450
P,HOK,SEK,HOK,2,1,11,10G,1440,3.17,3.206473638,2.912884056,0.988625,0.29025,450
AB,HOK,SEK,HOK,2,1,11,10H,1440,2.566,2.595524086,2.301934505,0.988625,0.29025,450
P,HOK,HOK,SEK,1,5,11,1A,1440,2.469,2.497408016,2.203818435,0.988625,0.29025,450
AB,HOK,HOK,SEK,1,5,11,1B,1440,1.943,1.965355924,1.671766342,0.988625,0.29025,450
P,SEK,HOK,SEK,1,5,11,1C,1440,1.847,1.868251359,1.574661778,0.988625,0.29025,450
AB,SEK,HOK,SEK,1,5,11,1D,1440,1.742,1.762043242,1.46845366,0.988625,0.29025,450
P,SEK,SEK,SEK,1,5,11,1E,1440,1.08,1.09242635,0.798836768,0.988625,0.29025,450
AB,SEK,SEK,SEK,1,5,11,1F,1440,1.234,1.248198255,0.954608674,0.988625,0.29025,450
P,HOK,SEK,SEK,1,5,11,1G,1440,1.369,1.384751549,1.091161967,0.988625,0.29025,450
AB,HOK,SEK,SEK,1,5,11,1H,1440,2.103,2.127196864,1.833607283,0.988625,0.29025,450
P,HOK,HOK,SEK,1,4,11,2A,1440,2.371,2.39828044,2.104690859,0.988625,0.29025,450
AB,HOK,HOK,SEK,1,4,11,2B,1440,1.662,1.681122772,1.38753319,0.988625,0.29025,450
P,SEK,HOK,SEK,1,4,11,2C,1440,1.767,1.787330889,1.493741307,0.988625,0.29025,450
AB,SEK,HOK,SEK,1,4,11,2D,1440,1.71,1.729675054,1.436085472,0.988625,0.29025,450
P,SEK,SEK,SEK,1,4,11,2E,1440,1.241,1.255278796,0.961689215,0.988625,0.29025,450
AB,SEK,SEK,SEK,1,4,11,2F,1440,1.298,1.312934631,1.01934505,0.988625,0.29025,450
P,HOK,SEK,SEK,1,4,11,2G,1440,2.136,2.160576558,1.866986977,0.988625,0.29025,450
AB,HOK,SEK,SEK,1,4,11,2H,1440,2.006,2.029080794,1.735491213,0.988625,0.29025,450
P,HOK,HOK,SEK,1,3,11,3A,1440,1.875,1.896573524,1.602983942,0.988625,0.29025,450
AB,HOK,HOK,SEK,1,3,11,3B,1440,1.018,1.029712985,0.736123404,0.988625,0.29025,450
P,SEK,HOK,SEK,1,3,11,3C,1440,1.651,1.669996207,1.376406625,0.988625,0.29025,450
AB,SEK,HOK,SEK,1,3,11,3D,1440,1.695,1.714502466,1.420912884,0.988625,0.29025,450
P,SEK,SEK,SEK,1,3,11,3E,1440,1.65,1.668984701,1.375395119,0.988625,0.29025,450
AB,SEK,SEK,SEK,1,3,11,3F,1440,2.224,2.249589076,1.955999494,0.988625,0.29025,450
P,HOK,SEK,SEK,1,3,11,3G,1440,1.575,1.59312176,1.299532179,0.988625,0.29025,450
AB,HOK,SEK,SEK,1,3,11,3H,1440,1.976,1.998735618,1.705146036,0.988625,0.29025,450
P,HOK,HOK,SEK,1,2,11,4A,1440,1.394,1.410039196,1.116449614,0.988625,0.29025,450
AB,HOK,HOK,SEK,1,2,11,4B,1440,1.302,1.316980655,1.023391073,0.988625,0.29025,450
P,SEK,HOK,SEK,1,2,11,4C,1440,1.258,1.272474396,0.978884815,0.988625,0.29025,450
AB,SEK,HOK,SEK,1,2,11,4D,1440,1.361,1.376659502,1.08306992,0.988625,0.29025,450
P,SEK,SEK,SEK,1,2,11,4E,1440,1.239,1.253255785,0.959666203,0.988625,0.29025,450
AB,SEK,SEK,SEK,1,2,11,4F,1440,1.419,1.435326843,1.141737261,0.988625,0.29025,450
P,HOK,SEK,SEK,1,2,11,4G,1440,3.674,3.716272601,3.422683019,0.988625,0.29025,450
AB,HOK,SEK,SEK,1,2,11,4H,1440,1.239,1.253255785,0.959666203,0.988625,0.29025,450
P,HOK,HOK,SEK,1,1,11,5A,1440,2.116,2.140346441,1.846756859,0.988625,0.29025,450
AB,HOK,HOK,SEK,1,1,11,5B,1440,1.981,2.003793147,1.710203566,0.988625,0.29025,450
P,SEK,HOK,SEK,1,1,11,5C,1440,2.517,2.545960298,2.252370717,0.988625,0.29025,450
AB,SEK,HOK,SEK,1,1,11,5D,1440,0.926,0.936654444,0.643064863,0.988625,0.29025,450
P,SEK,SEK,SEK,1,1,11,5E,1440,2.026,2.049310912,1.75572133,0.988625,0.29025,450
AB,SEK,SEK,SEK,1,1,11,5F,1440,1.177,1.19054242,0.896952839,0.988625,0.29025,450
P,HOK,SEK,SEK,1,1,11,5G,1440,1.456,1.47275256,1.179162979,0.988625,0.29025,450
AB,HOK,SEK,SEK,1,1,11,5H,1440,0.988,0.999367809,0.705778227,0.988625,0.29025,450
P,HOK,HOK,HOK,1,5,11,6A,1440,3.131,3.167024908,2.873435327,0.988625,0.29025,450
AB,HOK,HOK,HOK,1,5,11,6B,1440,2.184,2.209128841,1.915539259,0.988625,0.29025,450
P,SEK,HOK,HOK,1,5,11,6C,1440,1.324,1.339233784,1.045644203,0.988625,0.29025,450
AB,SEK,HOK,HOK,1,5,11,6D,1440,1.972,1.994689594,1.701100013,0.988625,0.29025,450
P,SEK,SEK,HOK,1,5,11,6E,1440,1.159,1.172335314,0.878745733,0.988625,0.29025,450
AB,SEK,SEK,HOK,1,5,11,6F,1440,1.535,1.552661525,1.259071943,0.988625,0.29025,450
P,HOK,SEK,HOK,1,5,11,6G,1440,2.864,2.896952839,2.603363257,0.988625,0.29025,450
AB,HOK,SEK,HOK,1,5,11,6H,1440,2.097,2.121127829,1.827538248,0.988625,0.29025,450
P,HOK,HOK,HOK,1,4,11,7A,1440,1.335,1.350360349,1.056770767,0.988625,0.29025,450
AB,HOK,HOK,HOK,1,4,11,7B,1440,1.099,1.111644961,0.81805538,0.988625,0.29025,450
P,SEK,HOK,HOK,1,4,11,7C,1440,0.61,0.617018586,0.323429005,0.988625,0.29025,450
AB,SEK,HOK,HOK,1,4,11,7D,1440,0.686,0.693893033,0.400303452,0.988625,0.29025,450
P,SEK,SEK,HOK,1,4,11,7E,1440,0.608,0.614995575,0.321405993,0.988625,0.29025,450
AB,SEK,SEK,HOK,1,4,11,7F,1440,0.868,0.877987103,0.584397522,0.988625,0.29025,450
P,HOK,SEK,HOK,1,4,11,7G,1440,0.797,0.806170186,0.512580604,0.988625,0.29025,450
AB,HOK,SEK,HOK,1,4,11,7H,1440,1.251,1.265393855,0.971804274,0.988625,0.29025,450
P,HOK,HOK,HOK,1,3,11,8A,1440,1.857,1.878366418,1.584776837,0.988625,0.29025,450
AB,HOK,HOK,HOK,1,3,11,8B,1440,0.999,1.010494373,0.716904792,0.988625,0.29025,450
P,SEK,HOK,HOK,1,3,11,8C,1440,1.322,1.337210773,1.043621191,0.988625,0.29025,450
AB,SEK,HOK,HOK,1,3,11,8D,1440,0.83,0.83954988,0.545960298,0.988625,0.29025,450
P,SEK,SEK,HOK,1,3,11,8E,1440,1.861,1.882412442,1.58882286,0.988625,0.29025,450
AB,SEK,SEK,HOK,1,3,11,8F,1440,1.636,1.654823619,1.361234037,0.988625,0.29025,450
P,HOK,SEK,HOK,1,3,11,8G,1440,0.724,0.732330257,0.438740675,0.988625,0.29025,450
AB,HOK,SEK,HOK,1,3,11,8H,1440,2.305,2.331521052,2.03793147,0.988625,0.29025,450
P,HOK,HOK,HOK,1,2,11,9A,1440,1.482,1.499051713,1.205462132,0.988625,0.29025,450
AB,HOK,HOK,HOK,1,2,11,9B,1440,1.121,1.133898091,0.840308509,0.988625,0.29025,450
P,SEK,HOK,HOK,1,2,11,9C,1440,1.267,1.281577949,0.987988368,0.988625,0.29025,450
AB,SEK,HOK,HOK,1,2,11,9D,1440,1,1.011505879,0.717916298,0.988625,0.29025,450
P,SEK,SEK,HOK,1,2,11,9E,1440,0.917,0.927550891,0.63396131,0.988625,0.29025,450
AB,SEK,SEK,HOK,1,2,11,9FR,1440,2.296,2.322417499,2.028827918,0.988625,0.29025,450
P,HOK,SEK,HOK,1,2,11,9G,1440,1.929,1.951194841,1.65760526,0.988625,0.29025,450
AB,HOK,SEK,HOK,1,2,11,9H,1440,0.883,0.893159692,0.59957011,0.988625,0.29025,450
P,HOK,HOK,HOK,1,1,11,10A,1440,3.295,3.332911873,3.039322291,0.988625,0.29025,450
AB,HOK,HOK,HOK,1,1,11,10B,1440,2.188,2.213174864,1.919585283,0.988625,0.29025,450
P,SEK,HOK,HOK,1,1,11,10C,1440,2.762,2.793779239,2.500189657,0.988625,0.29025,450
AB,SEK,HOK,HOK,1,1,11,10D,1440,1.088,1.100518397,0.806928815,0.988625,0.29025,450
P,SEK,SEK,HOK,1,1,11,10E,1440,1.03,1.041851056,0.748261474,0.988625,0.29025,450
AB,SEK,SEK,HOK,1,1,11,10F,1440,2.23,2.255658111,1.96206853,0.988625,0.29025,450
P,HOK,SEK,HOK,1,1,11,10G,1440,1.824,1.844986724,1.551397142,0.988625,0.29025,450
AB,HOK,SEK,HOK,1,1,11,10H,1440,0.825,0.834492351,0.540902769,0.988625,0.29025,450
P,HOK,HOK,SEK,2,5,11,1A,2880,1.777,1.706602641,1.394357743,1.04125,0.325125,450
AB,HOK,HOK,SEK,2,5,11,1B,2880,0.988,0.948859544,0.636614646,1.04125,0.325125,450
P,SEK,HOK,SEK,2,5,11,1C,2880,1.49,1.430972389,1.118727491,1.04125,0.325125,450
AB,SEK,HOK,SEK,2,5,11,1D,2880,0.945,0.907563025,0.595318127,1.04125,0.325125,450
P,SEK,SEK,SEK,2,5,11,1E,2880,1.696,1.628811525,1.316566627,1.04125,0.325125,450
AB,SEK,SEK,SEK,2,5,11,1F,2880,0.922,0.88547419,0.573229292,1.04125,0.325125,450
P,HOK,SEK,SEK,2,5,11,1G,2880,0.948,0.910444178,0.59819928,1.04125,0.325125,450
AB,HOK,SEK,SEK,2,5,11,1H,2880,1.093,1.04969988,0.737454982,1.04125,0.325125,450
P,HOK,HOK,SEK,2,4,11,2A,2880,1.303,1.251380552,0.939135654,1.04125,0.325125,450
AB,HOK,HOK,SEK,2,4,11,2B,2880,1.149,1.103481393,0.791236495,1.04125,0.325125,450
P,SEK,HOK,SEK,2,4,11,2C,2880,1.558,1.496278511,1.184033613,1.04125,0.325125,450
AB,SEK,HOK,SEK,2,4,11,2D,2880,0.86,0.825930372,0.513685474,1.04125,0.325125,450
P,SEK,SEK,SEK,2,4,11,2E,2880,0.95,0.912364946,0.600120048,1.04125,0.325125,450
AB,SEK,SEK,SEK,2,4,11,2F,2880,0.706,0.678031213,0.365786315,1.04125,0.325125,450
P,HOK,SEK,SEK,2,4,11,2G,2880,1.966,1.888115246,1.575870348,1.04125,0.325125,450
AB,HOK,SEK,SEK,2,4,11,2H,2880,1.141,1.095798319,0.783553421,1.04125,0.325125,450
P,HOK,HOK,SEK,2,3,11,3A,2880,1.06,1.018007203,0.705762305,1.04125,0.325125,450
AB,HOK,HOK,SEK,2,3,11,3B,2880,0.999,0.95942377,0.647178872,1.04125,0.325125,450
P,SEK,HOK,SEK,2,3,11,3C,2880,1.722,1.653781513,1.341536615,1.04125,0.325125,450
AB,SEK,HOK,SEK,2,3,11,3D,2880,0.967,0.928691477,0.616446579,1.04125,0.325125,450
P,SEK,SEK,SEK,2,3,11,3E,2880,0.927,0.89027611,0.578031213,1.04125,0.325125,450
AB,SEK,SEK,SEK,2,3,11,3F,2880,0.749,0.719327731,0.407082833,1.04125,0.325125,450
P,HOK,SEK,SEK,2,3,11,3G,2880,1.613,1.54909964,1.236854742,1.04125,0.325125,450
AB,HOK,SEK,SEK,2,3,11,3H,2880,0.799,0.767346939,0.455102041,1.04125,0.325125,450
P,HOK,HOK,SEK,2,2,11,4A,2880,1.59,1.527010804,1.214765906,1.04125,0.325125,450
AB,HOK,HOK,SEK,2,2,11,4B,2880,0.965,0.926770708,0.61452581,1.04125,0.325125,450
P,SEK,HOK,SEK,2,2,11,4C,2880,0.975,0.93637455,0.624129652,1.04125,0.325125,450
AB,SEK,HOK,SEK,2,2,11,4D,2880,0.794,0.762545018,0.45030012,1.04125,0.325125,450
P,SEK,SEK,SEK,2,2,11,4E,2880,0.822,0.789435774,0.477190876,1.04125,0.325125,450
AB,SEK,SEK,SEK,2,2,11,4F,2880,1.526,1.465546218,1.153301321,1.04125,0.325125,450
P,HOK,SEK,SEK,2,2,11,4G,2880,1.538,1.477070828,1.16482593,1.04125,0.325125,450
AB,HOK,SEK,SEK,2,2,11,4H,2880,0.97,0.931572629,0.619327731,1.04125,0.325125,450
P,HOK,HOK,SEK,2,1,11,5A,2880,1.143,1.097719088,0.78547419,1.04125,0.325125,450
AB,HOK,HOK,SEK,2,1,11,5B,2880,1.296,1.244657863,0.932412965,1.04125,0.325125,450
P,SEK,HOK,SEK,2,1,11,5C,2880,1.122,1.07755102,0.765306122,1.04125,0.325125,450
AB,SEK,HOK,SEK,2,1,11,5D,2880,0.998,0.958463385,0.646218487,1.04125,0.325125,450
P,SEK,SEK,SEK,2,1,11,5E,2880,1.41,1.354141657,1.041896759,1.04125,0.325125,450
AB,SEK,SEK,SEK,2,1,11,5F,2880,1.201,1.153421369,0.841176471,1.04125,0.325125,450
P,HOK,SEK,SEK,2,1,11,5G,2880,0.913,0.876830732,0.564585834,1.04125,0.325125,450
AB,HOK,SEK,SEK,2,1,11,5H,2880,1.081,1.03817527,0.725930372,1.04125,0.325125,450
P,HOK,HOK,HOK,2,5,11,6A,2880,1.275,1.224489796,0.912244898,1.04125,0.325125,450
AB,HOK,HOK,HOK,2,5,11,6B,2880,1.156,1.110204082,0.797959184,1.04125,0.325125,450
P,SEK,HOK,HOK,2,5,11,6C,2880,1.124,1.079471789,0.767226891,1.04125,0.325125,450
AB,SEK,HOK,HOK,2,5,11,6D,2880,1.134,1.08907563,0.776830732,1.04125,0.325125,450
P,SEK,SEK,HOK,2,5,11,6E,2880,1.41,1.354141657,1.041896759,1.04125,0.325125,450
AB,SEK,SEK,HOK,2,5,11,6F,2880,1.404,1.348379352,1.036134454,1.04125,0.325125,450
P,HOK,SEK,HOK,2,5,11,6G,2880,0.91,0.87394958,0.561704682,1.04125,0.325125,450
AB,HOK,SEK,HOK,2,5,11,6H,2880,1.247,1.19759904,0.885354142,1.04125,0.325125,450
P,HOK,HOK,HOK,2,4,11,7A,2880,1.244,1.194717887,0.882472989,1.04125,0.325125,450
AB,HOK,HOK,HOK,2,4,11,7B,2880,1.38,1.325330132,1.013085234,1.04125,0.325125,450
P,SEK,HOK,HOK,2,4,11,7C,2880,1.877,1.802641056,1.490396158,1.04125,0.325125,450
AB,SEK,HOK,HOK,2,4,11,7D,2880,1.477,1.418487395,1.106242497,1.04125,0.325125,450
P,SEK,SEK,HOK,2,4,11,7E,2880,1.232,1.183193277,0.870948379,1.04125,0.325125,450
AB,SEK,SEK,HOK,2,4,11,7F,2880,1.147,1.101560624,0.789315726,1.04125,0.325125,450
P,HOK,SEK,HOK,2,4,11,7G,2880,1.202,1.154381753,0.842136855,1.04125,0.325125,450
AB,HOK,SEK,HOK,2,4,11,7H,2880,1.286,1.235054022,0.922809124,1.04125,0.325125,450
P,HOK,HOK,HOK,2,3,11,8A,2880,2.369,2.27515006,1.962905162,1.04125,0.325125,450
AB,HOK,HOK,HOK,2,3,11,8B,2880,2.44,2.343337335,2.031092437,1.04125,0.325125,450
P,SEK,HOK,HOK,2,3,11,8C,2880,1.691,1.624009604,1.311764706,1.04125,0.325125,450
AB,SEK,HOK,HOK,2,3,11,8D,2880,1.444,1.386794718,1.07454982,1.04125,0.325125,450
P,SEK,SEK,HOK,2,3,11,8E,2880,2.806,2.694837935,2.382593037,1.04125,0.325125,450
AB,SEK,SEK,HOK,2,3,11,8F,2880,1.144,1.098679472,0.786434574,1.04125,0.325125,450
P,HOK,SEK,HOK,2,3,11,8G,2880,2.276,2.185834334,1.873589436,1.04125,0.325125,450
AB,HOK,SEK,HOK,2,3,11,8H,2880,2.18,2.093637455,1.781392557,1.04125,0.325125,450
P,HOK,HOK,HOK,2,2,11,9A,2880,1.461,1.403121248,1.090876351,1.04125,0.325125,450
AB,HOK,HOK,HOK,2,2,11,9B,2880,0.983,0.944057623,0.631812725,1.04125,0.325125,450
P,SEK,HOK,HOK,2,2,11,9C,2880,2.094,2.011044418,1.69879952,1.04125,0.325125,450
AB,SEK,HOK,HOK,2,2,11,9D,2880,0.969,0.930612245,0.618367347,1.04125,0.325125,450
P,SEK,SEK,HOK,2,2,11,9E,2880,0.985,0.945978391,0.633733493,1.04125,0.325125,450
AB,SEK,SEK,HOK,2,2,11,9F,2880,1.523,1.462665066,1.150420168,1.04125,0.325125,450
P,HOK,SEK,HOK,2,2,11,9G,2880,2.94,2.823529412,2.511284514,1.04125,0.325125,450
AB,HOK,SEK,HOK,2,2,11,9H,2880,2.083,2.000480192,1.688235294,1.04125,0.325125,450
P,HOK,HOK,HOK,2,1,11,10A,2880,2.809,2.697719088,2.38547419,1.04125,0.325125,450
AB,HOK,HOK,HOK,2,1,11,10B,2880,2.423,2.327010804,2.014765906,1.04125,0.325125,450
P,SEK,HOK,HOK,2,1,11,10C,2880,1.936,1.859303721,1.547058824,1.04125,0.325125,450
AB,SEK,HOK,HOK,2,1,11,10D,2880,1.415,1.358943577,1.046698679,1.04125,0.325125,450
P,SEK,SEK,HOK,2,1,11,10E,2880,2.023,1.942857143,1.630612245,1.04125,0.325125,450
AB,SEK,SEK,HOK,2,1,11,10F,2880,2.664,2.558463385,2.246218487,1.04125,0.325125,450
P,HOK,SEK,HOK,2,1,11,10G,2880,3.242,3.113565426,2.801320528,1.04125,0.325125,450
AB,HOK,SEK,HOK,2,1,11,10H,2880,2.105,2.021608643,1.709363745,1.04125,0.325125,450
P,HOK,HOK,SEK,1,5,11,1A,2880,2.359,2.265546218,1.953301321,1.04125,0.325125,450
AB,HOK,HOK,SEK,1,5,11,1B,2880,1.844,1.770948379,1.458703481,1.04125,0.325125,450
P,SEK,HOK,SEK,1,5,11,1C,2880,1.586,1.523169268,1.21092437,1.04125,0.325125,450
AB,SEK,HOK,SEK,1,5,11,1D,2880,0.973,0.934453782,0.622208884,1.04125,0.325125,450
P,SEK,SEK,SEK,1,5,11,1E,2880,1.878,1.803601441,1.491356543,1.04125,0.325125,450
AB,SEK,SEK,SEK,1,5,11,1F,2880,1.199,1.1515006,0.839255702,1.04125,0.325125,450
P,HOK,SEK,SEK,1,5,11,1G,2880,1.267,1.216806723,0.904561825,1.04125,0.325125,450
AB,HOK,SEK,SEK,1,5,11,1H,2880,1.003,0.963265306,0.651020408,1.04125,0.325125,450
P,HOK,HOK,SEK,1,4,11,2A,2880,2.303,2.211764706,1.899519808,1.04125,0.325125,450
AB,HOK,HOK,SEK,1,4,11,2B,2880,1.693,1.625930372,1.313685474,1.04125,0.325125,450
P,SEK,HOK,SEK,1,4,11,2C,2880,1.877,1.802641056,1.490396158,1.04125,0.325125,450
AB,SEK,HOK,SEK,1,4,11,2D,2880,1.778,1.707563025,1.395318127,1.04125,0.325125,450
P,SEK,SEK,SEK,1,4,11,2E,2880,1.157,1.111164466,0.798919568,1.04125,0.325125,450
AB,SEK,SEK,SEK,1,4,11,2F,2880,2.269,2.179111645,1.866866747,1.04125,0.325125,450
P,HOK,SEK,SEK,1,4,11,2G,2880,2.171,2.084993998,1.7727491,1.04125,0.325125,450
AB,HOK,SEK,SEK,1,4,11,2H,2880,1.688,1.621128451,1.308883553,1.04125,0.325125,450
P,HOK,HOK,SEK,1,3,11,3A,2880,1.77,1.699879952,1.387635054,1.04125,0.325125,450
AB,HOK,HOK,SEK,1,3,11,3B,2880,1.17,1.12364946,0.811404562,1.04125,0.325125,450
P,SEK,HOK,SEK,1,3,11,3C,2880,1.292,1.240816327,0.928571429,1.04125,0.325125,450
AB,SEK,HOK,SEK,1,3,11,3D,2880,1.415,1.358943577,1.046698679,1.04125,0.325125,450
P,SEK,SEK,SEK,1,3,11,3E,2880,1.605,1.541416567,1.229171669,1.04125,0.325125,450
AB,SEK,SEK,SEK,1,3,11,3F,2880,2.397,2.302040816,1.989795918,1.04125,0.325125,450
P,HOK,SEK,SEK,1,3,11,3G,2880,1.617,1.552941176,1.240696279,1.04125,0.325125,450
AB,HOK,SEK,SEK,1,3,11,3H,2880,1.862,1.788235294,1.475990396,1.04125,0.325125,450
P,HOK,HOK,SEK,1,2,11,4A,2880,1.448,1.390636255,1.078391357,1.04125,0.325125,450
AB,HOK,HOK,SEK,1,2,11,4B,2880,1.377,1.32244898,1.010204082,1.04125,0.325125,450
P,SEK,HOK,SEK,1,2,11,4C,2880,1.298,1.246578631,0.934333734,1.04125,0.325125,450
AB,SEK,HOK,SEK,1,2,11,4D,2880,1.455,1.397358944,1.085114046,1.04125,0.325125,450
P,SEK,SEK,SEK,1,2,11,4E,2880,1.297,1.245618247,0.933373349,1.04125,0.325125,450
AB,SEK,SEK,SEK,1,2,11,4F,2880,1.499,1.439615846,1.127370948,1.04125,0.325125,450
P,HOK,SEK,SEK,1,2,11,4G,2880,3.606,3.463145258,3.15090036,1.04125,0.325125,450
AB,HOK,SEK,SEK,1,2,11,4H,2880,1.267,1.216806723,0.904561825,1.04125,0.325125,450
P,HOK,HOK,SEK,1,1,11,5A,2880,2.291,2.200240096,1.887995198,1.04125,0.325125,450
AB,HOK,HOK,SEK,1,1,11,5B,2880,1.353,1.29939976,0.987154862,1.04125,0.325125,450
P,SEK,HOK,SEK,1,1,11,5C,2880,2.34,2.24729892,1.935054022,1.04125,0.325125,450
AB,SEK,HOK,SEK,1,1,11,5D,2880,0.978,0.939255702,0.627010804,1.04125,0.325125,450
P,SEK,SEK,SEK,1,1,11,5E,2880,1.254,1.204321729,0.892076831,1.04125,0.325125,450
AB,SEK,SEK,SEK,1,1,11,5F,2880,0.987,0.94789916,0.635654262,1.04125,0.325125,450
P,HOK,SEK,SEK,1,1,11,5G,2880,1.144,1.098679472,0.786434574,1.04125,0.325125,450
AB,HOK,SEK,SEK,1,1,11,5H,2880,1.025,0.984393758,0.67214886,1.04125,0.325125,450
P,HOK,HOK,HOK,1,5,11,6A,2880,3.401,3.266266507,2.954021609,1.04125,0.325125,450
AB,HOK,HOK,HOK,1,5,11,6B,2880,2.187,2.100360144,1.788115246,1.04125,0.325125,450
P,SEK,HOK,HOK,1,5,11,6C,2880,1.469,1.410804322,1.098559424,1.04125,0.325125,450
AB,SEK,HOK,HOK,1,5,11,6D,2880,2.105,2.021608643,1.709363745,1.04125,0.325125,450
P,SEK,SEK,HOK,1,5,11,6E,2880,1.18,1.133253301,0.821008403,1.04125,0.325125,450
AB,SEK,SEK,HOK,1,5,11,6F,2880,1.708,1.640336134,1.328091236,1.04125,0.325125,450
P,HOK,SEK,HOK,1,5,11,6G,2880,2.724,2.616086435,2.303841537,1.04125,0.325125,450
AB,HOK,SEK,HOK,1,5,11,6H,2880,1.649,1.583673469,1.271428571,1.04125,0.325125,450
P,HOK,HOK,HOK,1,4,11,7A,2880,1.433,1.376230492,1.063985594,1.04125,0.325125,450
AB,HOK,HOK,HOK,1,4,11,7B,2880,1.156,1.110204082,0.797959184,1.04125,0.325125,450
P,SEK,HOK,HOK,1,4,11,7C,2880,0.644,0.618487395,0.306242497,1.04125,0.325125,450
AB,SEK,HOK,HOK,1,4,11,7D,2880,0.716,0.687635054,0.375390156,1.04125,0.325125,450
P,SEK,SEK,HOK,1,4,11,7E,2880,0.65,0.6242497,0.312004802,1.04125,0.325125,450
AB,SEK,SEK,HOK,1,4,11,7F,2880,0.849,0.815366147,0.503121249,1.04125,0.325125,450
P,HOK,SEK,HOK,1,4,11,7G,2880,0.859,0.824969988,0.51272509,1.04125,0.325125,450
AB,HOK,SEK,HOK,1,4,11,7H,2880,1.348,1.294597839,0.982352941,1.04125,0.325125,450
P,HOK,HOK,HOK,1,3,11,8A,2880,1.824,1.751740696,1.439495798,1.04125,0.325125,450
AB,HOK,HOK,HOK,1,3,11,8B,2880,1.055,1.013205282,0.700960384,1.04125,0.325125,450
P,SEK,HOK,HOK,1,3,11,8C,2880,1.393,1.337815126,1.025570228,1.04125,0.325125,450
AB,SEK,HOK,HOK,1,3,11,8D,2880,0.915,0.878751501,0.566506603,1.04125,0.325125,450
P,SEK,SEK,HOK,1,3,11,8E,2880,2.158,2.072509004,1.760264106,1.04125,0.325125,450
AB,SEK,SEK,HOK,1,3,11,8F,2880,1.619,1.554861945,1.242617047,1.04125,0.325125,450
P,HOK,SEK,HOK,1,3,11,8G,2880,0.759,0.728931573,0.416686675,1.04125,0.325125,450
AB,HOK,SEK,HOK,1,3,11,8H,2880,1.573,1.510684274,1.198439376,1.04125,0.325125,450
P,HOK,HOK,HOK,1,2,11,9A,2880,1.709,1.641296519,1.329051621,1.04125,0.325125,450
AB,HOK,HOK,HOK,1,2,11,9B,2880,1.182,1.13517407,0.822929172,1.04125,0.325125,450
P,SEK,HOK,HOK,1,2,11,9C,2880,1.296,1.244657863,0.932412965,1.04125,0.325125,450
AB,SEK,HOK,HOK,1,2,11,9D,2880,1.115,1.070828331,0.758583433,1.04125,0.325125,450
P,SEK,SEK,HOK,1,2,11,9E,2880,0.954,0.916206483,0.603961585,1.04125,0.325125,450
AB,SEK,SEK,HOK,1,2,11,9FR,2880,1.983,1.904441777,1.592196879,1.04125,0.325125,450
P,HOK,SEK,HOK,1,2,11,9G,2880,1.336,1.283073229,0.970828331,1.04125,0.325125,450
AB,HOK,SEK,HOK,1,2,11,9H,2880,0.945,0.907563025,0.595318127,1.04125,0.325125,450
P,HOK,HOK,HOK,1,1,11,10A,2880,3.348,3.215366146,2.903121248,1.04125,0.325125,450
AB,HOK,HOK,HOK,1,1,11,10B,2880,1.716,1.648019208,1.33577431,1.04125,0.325125,450
P,SEK,HOK,HOK,1,1,11,10C,2880,2.943,2.826410564,2.514165666,1.04125,0.325125,450
AB,SEK,HOK,HOK,1,1,11,10D,2880,1.089,1.045858343,0.733613445,1.04125,0.325125,450
P,SEK,SEK,HOK,1,1,11,10E,2880,1.107,1.063145258,0.75090036,1.04125,0.325125,450
AB,SEK,SEK,HOK,1,1,11,10F,2880,1.865,1.791116447,1.478871549,1.04125,0.325125,450
P,HOK,SEK,HOK,1,1,11,10G,2880,1.232,1.183193277,0.870948379,1.04125,0.325125,450
AB,HOK,SEK,HOK,1,1,11,10H,2880,0.862,0.827851141,0.515606243,1.04125,0.325125,450
P,HOK,HOK,SEK,2,5,11,1A,4320,1.867,1.784468339,1.483273596,1.04625,0.315125,450
AB,HOK,HOK,SEK,2,5,11,1B,4320,0.957,0.914695341,0.613500597,1.04625,0.315125,450
P,SEK,HOK,SEK,2,5,11,1C,4320,1.529,1.461409797,1.160215054,1.04625,0.315125,450
AB,SEK,HOK,SEK,2,5,11,1D,4320,1.004,0.959617682,0.658422939,1.04625,0.315125,450
P,SEK,SEK,SEK,2,5,11,1E,4320,1.889,1.805495818,1.504301075,1.04625,0.315125,450
AB,SEK,SEK,SEK,2,5,11,1F,4320,0.983,0.939545998,0.638351255,1.04625,0.315125,450
P,HOK,SEK,SEK,2,5,11,1G,4320,0.975,0.931899642,0.630704898,1.04625,0.315125,450
AB,HOK,SEK,SEK,2,5,11,1H,4320,1.162,1.110633214,0.809438471,1.04625,0.315125,450
P,HOK,HOK,SEK,2,4,11,2A,4320,1.377,1.316129032,1.014934289,1.04625,0.315125,450
AB,HOK,HOK,SEK,2,4,11,2B,4320,1.191,1.138351254,0.837156511,1.04625,0.315125,450
P,SEK,HOK,SEK,2,4,11,2C,4320,1.655,1.581839904,1.280645161,1.04625,0.315125,450
AB,SEK,HOK,SEK,2,4,11,2D,4320,0.901,0.861170848,0.559976105,1.04625,0.315125,450
P,SEK,SEK,SEK,2,4,11,2E,4320,0.976,0.932855436,0.631660693,1.04625,0.315125,450
AB,SEK,SEK,SEK,2,4,11,2F,4320,0.723,0.691039427,0.389844683,1.04625,0.315125,450
P,HOK,SEK,SEK,2,4,11,2G,4320,0.966,0.923297491,0.622102748,1.04625,0.315125,450
AB,HOK,SEK,SEK,2,4,11,2H,4320,1.239,1.184229391,0.883034648,1.04625,0.315125,450
P,HOK,HOK,SEK,2,3,11,3A,4320,1.042,0.995937873,0.69474313,1.04625,0.315125,450
AB,HOK,HOK,SEK,2,3,11,3B,4320,1.068,1.02078853,0.719593787,1.04625,0.315125,450
P,SEK,HOK,SEK,2,3,11,3C,4320,1.516,1.448984468,1.147789725,1.04625,0.315125,450
AB,SEK,HOK,SEK,2,3,11,3D,4320,0.93,0.888888889,0.587694146,1.04625,0.315125,450
P,SEK,SEK,SEK,2,3,11,3E,4320,0.948,0.90609319,0.604898447,1.04625,0.315125,450
AB,SEK,SEK,SEK,2,3,11,3F,4320,0.806,0.77037037,0.469175627,1.04625,0.315125,450
P,HOK,SEK,SEK,2,3,11,3G,4320,1.665,1.591397849,1.290203106,1.04625,0.315125,450
AB,HOK,SEK,SEK,2,3,11,3H,4320,0.785,0.750298686,0.449103943,1.04625,0.315125,450
P,HOK,HOK,SEK,2,2,11,4A,4320,1.607,1.535961768,1.234767025,1.04625,0.315125,450
AB,HOK,HOK,SEK,2,2,11,4B,4320,1.02,0.974910394,0.673715651,1.04625,0.315125,450
P,SEK,HOK,SEK,2,2,11,4C,4320,0.988,0.94432497,0.643130227,1.04625,0.315125,450
AB,SEK,HOK,SEK,2,2,11,4D,4320,0.814,0.778016726,0.476821983,1.04625,0.315125,450
P,SEK,SEK,SEK,2,2,11,4E,4320,0.805,0.769414576,0.468219833,1.04625,0.315125,450
AB,SEK,SEK,SEK,2,2,11,4F,4320,1.546,1.477658303,1.17646356,1.04625,0.315125,450
P,HOK,SEK,SEK,2,2,11,4G,4320,1.608,1.536917563,1.23572282,1.04625,0.315125,450
AB,HOK,SEK,SEK,2,2,11,4H,4320,1.095,1.046594982,0.745400239,1.04625,0.315125,450
P,HOK,HOK,SEK,2,1,11,5A,4320,1.183,1.130704898,0.829510155,1.04625,0.315125,450
AB,HOK,HOK,SEK,2,1,11,5B,4320,1.385,1.323775388,1.022580645,1.04625,0.315125,450
P,SEK,HOK,SEK,2,1,11,5C,4320,1.151,1.100119474,0.798924731,1.04625,0.315125,450
AB,SEK,HOK,SEK,2,1,11,5D,4320,1.129,1.079091995,0.777897252,1.04625,0.315125,450
P,SEK,SEK,SEK,2,1,11,5E,4320,1.443,1.37921147,1.078016726,1.04625,0.315125,450
AB,SEK,SEK,SEK,2,1,11,5F,4320,1.165,1.113500597,0.812305854,1.04625,0.315125,450
P,HOK,SEK,SEK,2,1,11,5G,4320,1.092,1.043727599,0.742532855,1.04625,0.315125,450
AB,HOK,SEK,SEK,2,1,11,5H,4320,1.148,1.097252091,0.796057348,1.04625,0.315125,450
P,HOK,HOK,HOK,2,5,11,6A,4320,1.497,1.430824373,1.12962963,1.04625,0.315125,450
AB,HOK,HOK,HOK,2,5,11,6B,4320,1.272,1.215770609,0.914575866,1.04625,0.315125,450
P,SEK,HOK,HOK,2,5,11,6C,4320,1.248,1.192831541,0.891636798,1.04625,0.315125,450
AB,SEK,HOK,HOK,2,5,11,6D,4320,1.246,1.190919952,0.889725209,1.04625,0.315125,450
P,SEK,SEK,HOK,2,5,11,6E,4320,1.458,1.393548387,1.092353644,1.04625,0.315125,450
AB,SEK,SEK,HOK,2,5,11,6F,4320,1.56,1.491039427,1.189844683,1.04625,0.315125,450
P,HOK,SEK,HOK,2,5,11,6G,4320,0.942,0.900358423,0.59916368,1.04625,0.315125,450
AB,HOK,SEK,HOK,2,5,11,6H,4320,1.428,1.364874552,1.063679809,1.04625,0.315125,450
P,HOK,HOK,HOK,2,4,11,7A,4320,1.307,1.249223417,0.948028674,1.04625,0.315125,450
AB,HOK,HOK,HOK,2,4,11,7B,4320,1.453,1.388769415,1.087574671,1.04625,0.315125,450
P,SEK,HOK,HOK,2,4,11,7C,4320,1.911,1.826523297,1.525328554,1.04625,0.315125,450
AB,SEK,HOK,HOK,2,4,11,7D,4320,1.305,1.247311828,0.946117085,1.04625,0.315125,450
P,SEK,SEK,HOK,2,4,11,7E,4320,1.265,1.209080048,0.907885305,1.04625,0.315125,450
AB,SEK,SEK,HOK,2,4,11,7F,4320,1.192,1.139307049,0.838112306,1.04625,0.315125,450
P,HOK,SEK,HOK,2,4,11,7G,4320,1.25,1.19474313,0.893548387,1.04625,0.315125,450
AB,HOK,SEK,HOK,2,4,11,7H,4320,1.309,1.251135006,0.949940263,1.04625,0.315125,450
P,HOK,HOK,HOK,2,3,11,8A,4320,2.501,2.390442055,2.089247312,1.04625,0.315125,450
AB,HOK,HOK,HOK,2,3,11,8B,4320,2.434,2.326403823,2.02520908,1.04625,0.315125,450
P,SEK,HOK,HOK,2,3,11,8C,4320,1.723,1.646833931,1.345639188,1.04625,0.315125,450
AB,SEK,HOK,HOK,2,3,11,8D,4320,1.326,1.267383513,0.966188769,1.04625,0.315125,450
P,SEK,SEK,HOK,2,3,11,8E,4320,2.862,2.735483871,2.434289128,1.04625,0.315125,450
AB,SEK,SEK,HOK,2,3,11,8F,4320,1.266,1.210035842,0.908841099,1.04625,0.315125,450
P,HOK,SEK,HOK,2,3,11,8G,4320,2.26,2.160095579,1.858900836,1.04625,0.315125,450
AB,HOK,SEK,HOK,2,3,11,8H,4320,2.273,2.172520908,1.871326165,1.04625,0.315125,450
P,HOK,HOK,HOK,2,2,11,9A,4320,1.581,1.511111111,1.209916368,1.04625,0.315125,450
AB,HOK,HOK,HOK,2,2,11,9B,4320,1.073,1.025567503,0.72437276,1.04625,0.315125,450
P,SEK,HOK,HOK,2,2,11,9C,4320,2.263,2.162962963,1.86176822,1.04625,0.315125,450
AB,SEK,HOK,HOK,2,2,11,9D,4320,0.984,0.940501792,0.639307049,1.04625,0.315125,450
P,SEK,SEK,HOK,2,2,11,9E,4320,1.547,1.478614098,1.177419355,1.04625,0.315125,450
AB,SEK,SEK,HOK,2,2,11,9F,4320,1.621,1.549342891,1.248148148,1.04625,0.315125,450
P,HOK,SEK,HOK,2,2,11,9G,4320,2.91,2.781362007,2.480167264,1.04625,0.315125,450
AB,HOK,SEK,HOK,2,2,11,9H,4320,2.029,1.939307049,1.638112306,1.04625,0.315125,450
P,HOK,HOK,HOK,2,1,11,10A,4320,3.131,2.992592593,2.691397849,1.04625,0.315125,450
AB,HOK,HOK,HOK,2,1,11,10B,4320,1.787,1.708004779,1.406810036,1.04625,0.315125,450
P,SEK,HOK,HOK,2,1,11,10C,4320,1.748,1.670728793,1.36953405,1.04625,0.315125,450
AB,SEK,HOK,HOK,2,1,11,10D,4320,1.652,1.578972521,1.277777778,1.04625,0.315125,450
P,SEK,SEK,HOK,2,1,11,10E,4320,2.113,2.019593787,1.718399044,1.04625,0.315125,450
AB,SEK,SEK,HOK,2,1,11,10F,4320,2.606,2.490800478,2.189605735,1.04625,0.315125,450
P,HOK,SEK,HOK,2,1,11,10G,4320,3.185,3.044205496,2.743010753,1.04625,0.315125,450
AB,HOK,SEK,HOK,2,1,11,10H,4320,1.939,1.853285544,1.5520908,1.04625,0.315125,450
P,HOK,HOK,SEK,1,5,11,1A,4320,2.66,2.542413381,2.241218638,1.04625,0.315125,450
AB,HOK,HOK,SEK,1,5,11,1B,4320,1.302,1.244444444,0.943249701,1.04625,0.315125,450
P,SEK,HOK,SEK,1,5,11,1C,4320,1.236,1.181362007,0.880167264,1.04625,0.315125,450
AB,SEK,HOK,SEK,1,5,11,1D,4320,0.914,0.873596177,0.572401434,1.04625,0.315125,450
P,SEK,SEK,SEK,1,5,11,1E,4320,1.131,1.081003584,0.779808841,1.04625,0.315125,450
AB,SEK,SEK,SEK,1,5,11,1F,4320,1.193,1.140262843,0.8390681,1.04625,0.315125,450
P,HOK,SEK,SEK,1,5,11,1G,4320,1.229,1.174671446,0.873476703,1.04625,0.315125,450
AB,HOK,SEK,SEK,1,5,11,1H,4320,1.094,1.045639188,0.744444444,1.04625,0.315125,450
P,HOK,HOK,SEK,1,4,11,2A,4320,2.623,2.507048984,2.205854241,1.04625,0.315125,450
AB,HOK,HOK,SEK,1,4,11,2B,4320,1.75,1.672640382,1.371445639,1.04625,0.315125,450
P,SEK,HOK,SEK,1,4,11,2C,4320,2.614,2.498446834,2.197252091,1.04625,0.315125,450
AB,SEK,HOK,SEK,1,4,11,2D,4320,2.265,2.164874552,1.863679809,1.04625,0.315125,450
P,SEK,SEK,SEK,1,4,11,2E,4320,1.149,1.098207885,0.797013142,1.04625,0.315125,450
AB,SEK,SEK,SEK,1,4,11,2F,4320,1.657,1.583751493,1.28255675,1.04625,0.315125,450
P,HOK,SEK,SEK,1,4,11,2G,4320,2.439,2.331182796,2.029988053,1.04625,0.315125,450
AB,HOK,SEK,SEK,1,4,11,2H,4320,1.603,1.53213859,1.230943847,1.04625,0.315125,450
P,HOK,HOK,SEK,1,3,11,3A,4320,1.005,0.960573477,0.659378734,1.04625,0.315125,450
AB,HOK,HOK,SEK,1,3,11,3B,4320,1.119,1.06953405,0.768339307,1.04625,0.315125,450
P,SEK,HOK,SEK,1,3,11,3C,4320,1.018,0.972998805,0.671804062,1.04625,0.315125,450
AB,SEK,HOK,SEK,1,3,11,3D,4320,1.037,0.991158901,0.689964158,1.04625,0.315125,450
P,SEK,SEK,SEK,1,3,11,3E,4320,2.368,2.263321386,1.962126643,1.04625,0.315125,450
AB,SEK,SEK,SEK,1,3,11,3F,4320,2.413,2.306332139,2.005137395,1.04625,0.315125,450
P,HOK,SEK,SEK,1,3,11,3G,4320,1.577,1.507287933,1.20609319,1.04625,0.315125,450
AB,HOK,SEK,SEK,1,3,11,3H,4320,1.826,1.745280765,1.444086022,1.04625,0.315125,450
P,HOK,HOK,SEK,1,2,11,4A,4320,1.371,1.310394265,1.009199522,1.04625,0.315125,450
AB,HOK,HOK,SEK,1,2,11,4B,4320,1.53,1.462365591,1.161170848,1.04625,0.315125,450
P,SEK,HOK,SEK,1,2,11,4C,4320,1.277,1.220549582,0.919354839,1.04625,0.315125,450
AB,SEK,HOK,SEK,1,2,11,4D,4320,1.438,1.374432497,1.073237754,1.04625,0.315125,450
P,SEK,SEK,SEK,1,2,11,4E,4320,1.291,1.233930705,0.932735962,1.04625,0.315125,450
AB,SEK,SEK,SEK,1,2,11,4F,4320,1.628,1.556033453,1.25483871,1.04625,0.315125,450
P,HOK,SEK,SEK,1,2,11,4G,4320,3.457,3.304181601,3.002986858,1.04625,0.315125,450
AB,HOK,SEK,SEK,1,2,11,4H,4320,1.378,1.317084827,1.015890084,1.04625,0.315125,450
P,HOK,HOK,SEK,1,1,11,5A,4320,2.537,2.424850657,2.123655914,1.04625,0.315125,450
AB,HOK,HOK,SEK,1,1,11,5B,4320,1.038,0.992114695,0.690919952,1.04625,0.315125,450
P,SEK,HOK,SEK,1,1,11,5C,4320,1.544,1.475746714,1.174551971,1.04625,0.315125,450
AB,SEK,HOK,SEK,1,1,11,5D,4320,1.012,0.967264038,0.666069295,1.04625,0.315125,450
P,SEK,SEK,SEK,1,1,11,5E,4320,1.424,1.361051374,1.059856631,1.04625,0.315125,450
AB,SEK,SEK,SEK,1,1,11,5F,4320,1.006,0.961529271,0.660334528,1.04625,0.315125,450
P,HOK,SEK,SEK,1,1,11,5G,4320,1.104,1.055197133,0.75400239,1.04625,0.315125,450
AB,HOK,SEK,SEK,1,1,11,5H,4320,1.006,0.961529271,0.660334528,1.04625,0.315125,450
P,HOK,HOK,HOK,1,5,11,6A,4320,3.432,3.280286738,2.979091995,1.04625,0.315125,450
AB,HOK,HOK,HOK,1,5,11,6B,4320,2.038,1.9479092,1.646714456,1.04625,0.315125,450
P,SEK,HOK,HOK,1,5,11,6C,4320,1.56,1.491039427,1.189844683,1.04625,0.315125,450
AB,SEK,HOK,HOK,1,5,11,6D,4320,1.803,1.723297491,1.422102748,1.04625,0.315125,450
P,SEK,SEK,HOK,1,5,11,6E,4320,1.169,1.117323775,0.816129032,1.04625,0.315125,450
AB,SEK,SEK,HOK,1,5,11,6F,4320,1.592,1.521624851,1.220430108,1.04625,0.315125,450
P,HOK,SEK,HOK,1,5,11,6G,4320,2.324,2.221266428,1.920071685,1.04625,0.315125,450
AB,HOK,SEK,HOK,1,5,11,6H,4320,1.406,1.343847073,1.04265233,1.04625,0.315125,450
P,HOK,HOK,HOK,1,4,11,7A,4320,1.255,1.199522103,0.89832736,1.04625,0.315125,450
AB,HOK,HOK,HOK,1,4,11,7B,4320,1.326,1.267383513,0.966188769,1.04625,0.315125,450
P,SEK,HOK,HOK,1,4,11,7C,4320,0.711,0.679569893,0.378375149,1.04625,0.315125,450
AB,SEK,HOK,HOK,1,4,11,7D,4320,0.88,0.841099164,0.539904421,1.04625,0.315125,450
P,SEK,SEK,HOK,1,4,11,7E,4320,0.661,0.631780167,0.330585424,1.04625,0.315125,450
AB,SEK,SEK,HOK,1,4,11,7F,4320,0.793,0.757945042,0.456750299,1.04625,0.315125,450
P,HOK,SEK,HOK,1,4,11,7G,4320,0.978,0.934767025,0.633572282,1.04625,0.315125,450
AB,HOK,SEK,HOK,1,4,11,7H,4320,1.391,1.329510155,1.028315412,1.04625,0.315125,450
P,HOK,HOK,HOK,1,3,11,8A,4320,1.862,1.779689367,1.478494624,1.04625,0.315125,450
AB,HOK,HOK,HOK,1,3,11,8B,4320,1.073,1.025567503,0.72437276,1.04625,0.315125,450
P,SEK,HOK,HOK,1,3,11,8C,4320,1.527,1.459498208,1.158303465,1.04625,0.315125,450
AB,SEK,HOK,HOK,1,3,11,8D,4320,0.945,0.903225807,0.602031063,1.04625,0.315125,450
P,SEK,SEK,HOK,1,3,11,8E,4320,2.046,1.955555556,1.654360812,1.04625,0.315125,450
AB,SEK,SEK,HOK,1,3,11,8F,4320,1.839,1.757706093,1.45651135,1.04625,0.315125,450
P,HOK,SEK,HOK,1,3,11,8G,4320,0.843,0.805734767,0.504540024,1.04625,0.315125,450
AB,HOK,SEK,HOK,1,3,11,8H,4320,1.708,1.632497013,1.33130227,1.04625,0.315125,450
P,HOK,HOK,HOK,1,2,11,9A,4320,2.936,2.806212664,2.505017921,1.04625,0.315125,450
AB,HOK,HOK,HOK,1,2,11,9B,4320,1.249,1.193787336,0.892592593,1.04625,0.315125,450
P,SEK,HOK,HOK,1,2,11,9C,4320,1.475,1.409796894,1.108602151,1.04625,0.315125,450
AB,SEK,HOK,HOK,1,2,11,9D,4320,1.136,1.085782557,0.784587814,1.04625,0.315125,450
P,SEK,SEK,HOK,1,2,11,9E,4320,0.933,0.891756272,0.590561529,1.04625,0.315125,450
AB,SEK,SEK,HOK,1,2,11,9FR,4320,1.676,1.601911589,1.300716846,1.04625,0.315125,450
P,HOK,SEK,HOK,1,2,11,9G,4320,1.297,1.239665472,0.938470729,1.04625,0.315125,450
AB,HOK,SEK,HOK,1,2,11,9H,4320,0.967,0.924253286,0.623058542,1.04625,0.315125,450
P,HOK,HOK,HOK,1,1,11,10A,4320,2.817,2.692473118,2.391278375,1.04625,0.315125,450
AB,HOK,HOK,HOK,1,1,11,10B,4320,1.361,1.30083632,0.999641577,1.04625,0.315125,450
P,SEK,HOK,HOK,1,1,11,10C,4320,2.205,2.107526882,1.806332139,1.04625,0.315125,450
AB,SEK,HOK,HOK,1,1,11,10D,4320,1.86,1.777777778,1.476583035,1.04625,0.315125,450
P,SEK,SEK,HOK,1,1,11,10E,4320,1.258,1.202389486,0.901194743,1.04625,0.315125,450
AB,SEK,SEK,HOK,1,1,11,10F,4320,1.656,1.582795699,1.281600956,1.04625,0.315125,450
P,HOK,SEK,HOK,1,1,11,10G,4320,1.821,1.740501792,1.439307049,1.04625,0.315125,450
AB,HOK,SEK,HOK,1,1,11,10H,4320,0.871,0.832497013,0.53130227,1.04625,0.315125,450